Training_Loss,Training_KL_Divergence,Training_Reconstruction,Validation_Loss,Validation_KL_Divergence,Validation_Reconstruction,Number of optimiser steps
1055.4382630109524,17.21912647529106,-1038.219150227775,28.493966583657055,7.648797769462113,-20.845170012617533,29
20.179557840248453,3.528333352708238,-16.651224659979672,15.849926771315854,1.663850868697715,-14.186075396242394,58
18.37405381838831,1.3106693091176969,-17.06338457235822,17.65569482651432,1.5577728642826587,-16.097922266057108,87
19.370651625745747,0.930599981263822,-18.44005170020931,18.552809386126764,0.531243720940784,-18.02156485498479,116
16.831546602596127,0.510571121775197,-16.3209754750379,14.849414167150988,0.44971131012503024,-14.399702629156872,145
18.678170949647814,0.4444743180616688,-18.233696850289846,18.217862340201318,0.3523899432832161,-17.865471493881362,174
18.00504327582682,0.364319817102468,-17.640723349372504,17.47905348043526,0.3239056198997835,-17.155148396449807,203
17.39129935183625,0.34663944812173225,-17.044659767024704,17.055485936392724,0.29660913585561566,-16.758876024094302,232
16.967127107075584,0.30503437984344584,-16.662092803988724,16.6949376131581,0.2820770803806001,-16.412859891368225,261
16.574020776885348,0.28620730240263514,-16.287813651390874,16.22987139541491,0.23640548655417112,-15.993465727409431,290
16.078178630774183,0.2523258996772135,-15.825852483478114,15.697396295260539,0.23000773286397477,-15.46738778173396,319
15.344379292564854,0.23281350183118926,-15.11156573816066,14.580075956023899,0.21930790580479445,-14.360767465777101,348
15.542065226124823,0.33247409976172737,-15.209590857189308,16.736608623403363,0.48967868669898107,-16.24693149802959,377
17.65628103910234,0.33329882905659364,-17.32298182915432,17.217080344141056,0.18408521719738447,-17.03299463322732,406
17.081929699982933,0.23231656299010658,-16.849613109786297,16.736335568723426,0.19803059417589575,-16.53830631222345,435
16.72107099934739,0.2116859403439893,-16.509385114205056,16.50077543005479,0.18534535433338806,-16.315430227634128,464
16.515489498336102,0.19352674037382384,-16.321962468022154,16.32460886187258,0.18422629347944683,-16.14038247977738,493
16.331992915867446,0.1859137010416622,-16.146079150686717,16.146080861049416,0.16839116231530113,-15.977690570122373,522
16.13668657532075,0.17992057190446106,-15.956766096996235,15.920165272940576,0.15372118063732587,-15.766444653536366,551
15.875525028729255,0.1638645375313806,-15.711660669026065,15.598473751439457,0.14702730896198643,-15.451445723001935,580
15.466845313664177,0.15531556806070146,-15.311529796730722,15.040831439262998,0.13977971963122882,-14.901051479103291,609
14.39242309772193,0.15529112069320258,-14.237131827458526,12.644670131987175,0.1273323097060212,-12.517337765313883,638
16.584154440260512,0.2128378242221399,-16.371316407192108,16.706678458019695,0.13832195881193718,-16.56835748453056,667
16.678288160111702,0.12377654126092644,-16.554511561283334,16.484780742003853,0.11769897114914075,-16.36708055344303,696
16.478903979687338,0.11137448394180265,-16.367529418003205,16.300932791380756,0.10344550567390644,-16.19748680992464,725
16.322617372052278,0.10934872690345906,-16.213268460880435,16.15366274065676,0.10698490438208116,-16.046678121111036,754
16.159696800837576,0.11223222684965375,-16.047464440123907,15.989476701854604,0.10360448866818858,-15.88587127955614,783
15.983631785938469,0.11584897170124664,-15.867782878770587,15.800864565688952,0.10384936670286465,-15.697015002765486,812
15.781320979865935,0.11094044521861723,-15.67038047983996,15.567675539877563,0.09644719984679095,-15.471228405437639,841
15.528032866439062,0.10907407868920509,-15.418958905776254,15.294426639523126,0.11266132160625626,-15.181765395983131,870
15.200108185361213,0.1093734761057247,-15.090734816175837,14.894257461075235,0.10003124929107396,-14.794226317279106,899
14.652428284238166,0.10512751892882645,-14.547300731991196,14.081002556117236,0.09337357609672883,-13.987629173076257,928
12.996295961550342,0.10602302009767577,-12.890272853392881,15.289579737502917,0.11429888379257337,-15.175280815732163,957
27.655072545532093,2.3351885504864542,-25.31988419403446,20.11457952988886,0.7550496886261796,-19.359530558628318,986
17.44840479790836,0.31255278172014567,-17.13585221228552,15.965272548979362,0.18105341480896536,-15.784219387358268,1015
15.086885747730797,0.1779836120521352,-14.908902320735642,13.198816139086158,0.14351721991479924,-13.055299471964878,1044
13.528179331677489,0.13964775431379595,-13.38853178686712,12.889536300591663,0.12326150657856359,-12.766275591554894,1073
17.09056034950332,0.4566728982010645,-16.633887344579055,18.63554546052376,0.34779047755013526,-18.28775429514657,1102
17.941638908680638,0.1683586673542052,-17.773280033334483,16.96654632028225,0.10560727119445801,-16.86093868829508,1131
16.647793697285678,0.11637703428720561,-16.531416416693943,16.199421165263757,0.10854788797091594,-16.090873515711422,1160
16.000144559992712,0.1140164971483056,-15.88612818271086,15.567682916084221,0.0980974541301221,-15.469585587493086,1189
15.107287066248313,0.101674747309322,-15.005612206169895,14.031977442513526,0.08099007079031616,-13.950987689262998,1218
14.82381641930493,0.11241222098223298,-14.711404466050725,16.023833384556053,0.10442509904371954,-15.919408207446073,1247
16.152248962974337,0.09369080411034093,-16.058558252706813,16.026886357670335,0.08453428428784936,-15.942352564988939,1276
16.03420855218284,0.08837678059196262,-15.945831500708465,15.856931399455112,0.08954700537487469,-15.767384756982853,1305
15.833840833872129,0.09118332975885965,-15.74265727555213,15.631052759896338,0.07810198733236938,-15.552950698717506,1334
15.582429143533423,0.08440204610372457,-15.498027174843449,15.346651668042208,0.0738924383062177,-15.27275909153761,1363
15.23188642209525,0.0803786618049773,-15.151507914920627,14.889236256084612,0.0696922593412146,-14.819543349004425,1392
14.509541516792945,0.0761415775056185,-14.433399894403124,13.531156151695589,0.06701426801428331,-13.464141845703125,1421
12.618406100204787,0.07840531551851064,-12.540000932350706,11.589216958105037,0.07285373717282725,-11.516363903484514,1450
11.571836223413031,0.07751797262862604,-11.494318111465942,12.451963669430894,0.07875880414405756,-12.37320513429895,1479
11.991201109502386,0.077363633531194,-11.913837521183977,11.060946709286851,0.07965770653918781,-10.981289078704023,1508
15.21473572193722,0.15672060436555807,-15.058014891770604,15.555586308504628,0.08615567620876616,-15.469430839065957,1537
15.580676056715724,0.06465094657296513,-15.516024807190815,15.384913140693596,0.06422167752696349,-15.3206911340224,1566
15.357784383746466,0.06814321458273975,-15.289641274112588,15.17085122640154,0.05661156747193463,-15.114238907805586,1595
15.15583037909494,0.06724226093607674,-15.088588289809726,14.980050382360949,0.06347047016683934,-14.916579795094718,1624
14.9597826803138,0.06746900824228222,-14.892313644930704,14.768545412384304,0.053478154460940744,-14.715067095461144,1653
14.736430008329918,0.06623976923270683,-14.670190140325678,14.528025652455018,0.06157001140898308,-14.46645618539996,1682
14.458461812996154,0.06390298727197448,-14.394558924429997,14.208340205977448,0.0569421633154945,-14.151398650312846,1711
14.083217260198793,0.060223968939849534,-14.022993329604379,13.74605375475588,0.05361945228239076,-13.692433855174917,1740
13.481643590538084,0.05694093659536578,-13.424702569694476,12.894307921418047,0.054612829621914216,-12.839695078081789,1769
12.223200793828827,0.05497658384148578,-12.16822396880868,11.194578432403835,0.05250208145749252,-11.142076205363315,1798
10.46874406240478,0.057418742345475574,-10.411325397933068,9.495269437806796,0.04827707161945579,-9.446992047065127,1827
12.188212683865885,0.10166635442332107,-12.086546455223479,13.198671526613488,0.08949222817885137,-13.109180146614007,1856
13.473098608729858,0.0583296042950177,-13.414769047544704,13.151033047026237,0.03733716232586751,-13.113695667908255,1885
12.7493455354802,0.04612249549983486,-12.703223080198715,12.007679956149211,0.04066608015414888,-11.967014008918694,1914
11.348736440202236,0.049925902121122245,-11.298810477293577,10.565137534014946,0.04099664909649739,-10.524140349531596,1943
10.187937106686627,0.045860078198118534,-10.142077116876873,9.519168305186044,0.046544999675413146,-9.472623166784777,1972
11.05614740504188,0.056679017948604866,-10.99946828924177,11.84398441821073,0.05474343078326335,-11.789241284395741,2001
11.88994846217819,0.03918833480254555,-11.85076032846739,11.354545306315464,0.035094415719530224,-11.319450716001798,2030
10.680480059084319,0.04161121790700868,-10.638868683096856,9.546059017687773,0.035916169132806555,-9.510142773653554,2059
8.275975766754991,0.03948863693477037,-8.2364870048279,6.45899309310238,0.03981646447055108,-6.419176489905974,2088
12.521654897645657,0.12941387246435768,-12.392241422238923,11.235832003365577,0.10048179499870907,-11.135349780057384,2117
10.913878879315797,0.054831168978847766,-10.85904767626307,10.197594102505034,0.037893147067686095,-10.159701322032287,2146
12.598465484190145,0.038003568481058375,-12.560461731966432,11.232403637033649,0.05609118516466259,-11.176312336879494,2175
13.349334318293495,0.04256405792267872,-13.306770249001904,13.791633006745736,0.03215765267346812,-13.759475167873687,2204
13.723331460879157,0.03070375658448502,-13.692627609236107,13.446596685764009,0.028402484623731766,-13.418193985930586,2233
13.301752325981166,0.03172103871715634,-13.270031223486383,12.948372967475283,0.030224794307641224,-12.918148479630462,2262
12.726465375578522,0.031307015917135576,-12.69515828024329,12.259601702732322,0.027587412732892332,-12.232014208768321,2291
11.952533007982415,0.03061132663665822,-11.921921760533847,11.425017500345685,0.02720086342465561,-11.397816885889103,2320
11.01848811114899,0.029878193531041635,-10.988610028957716,10.333808645737909,0.029608210631176433,-10.304200569085316,2349
9.800456033389125,0.03247785170653952,-9.767978192952922,9.000420021799814,0.027093181567909443,-8.97332669148403,2378
8.515732564368873,0.029957993192210087,-8.485774569106601,69.02163979859479,0.025354374826481913,-68.99628927855365,2407
17.871784168146675,0.09112828664374852,-17.780656354035667,13.702451199556874,0.038393258520987184,-13.664057773826396,2436
13.697541886679787,0.032801389447777905,-13.664740464653175,13.474821512678028,0.02107589012753647,-13.453745749144428,2465
13.382708750328392,0.021039206891956246,-13.36166942053882,13.10319944398593,0.016988445172267677,-13.086210672834278,2494
12.963759841834829,0.02095407429905947,-12.942805718166431,12.615223108139713,0.018884425933382153,-12.596339267967021,2523
12.39004223875069,0.01924027349746477,-12.370801965614664,11.936682557637713,0.01478049290918671,-11.921902006706306,2552
11.609818029561406,0.017765812477242723,-11.592051950810106,11.043291716449028,0.014910792618726207,-11.028380807522124,2581
10.647997174793987,0.019160389850920327,-10.628836576047517,10.049004656023683,0.016777178882497603,-10.032227642768252,2610
9.735536318761117,0.01991054547135333,-9.715625565264952,9.23516465077358,0.014797422210727117,-9.2203668915065,2639
10.524079887449018,0.01804713121191275,-10.50603298368107,10.156878049394725,0.017880101383259867,-10.138998521112763,2668
10.057964655109645,0.015472987652350681,-10.042491698343936,9.520335872616387,0.016384664626248116,-9.50395135119953,2697
9.24300163294278,0.018541316607558346,-9.224460353662055,13.47910988225346,0.01780700894583643,-13.46130290073631,2726
10.741724391756405,0.01678901179688505,-10.72493522669278,10.021356886467048,0.015743999882081968,-10.005612668737902,2755
9.626571804580772,0.014446467539047065,-9.612125417757717,8.98361364719087,0.014882158125396323,-8.968730825238524,2784
12.062874789800507,0.0169192653112401,-12.045955552812973,10.48038797462936,0.023213619152001576,-10.457174385543418,2813
12.26360758978056,0.017758346872266625,-12.245849239261043,12.59695609269944,0.006037026182212661,-12.590919832212736,2842
12.562475268606839,0.009352723175563255,-12.553122489954434,12.321047040213525,0.008476401456689413,-12.312570622536988,2871
12.201647106578621,0.0066019832890772375,-12.1950452104293,11.902895876791625,0.005401664734941668,-11.897493885681692,2900
11.734416800796525,0.007349107660919987,-11.727067840138764,11.367058458581434,0.007119216354547348,-11.359939440161781,2929
11.114978523212336,0.006717930563295295,-11.108260502757416,10.638930059112278,0.007087522375900134,-10.631842554143045,2958
10.250835869777557,0.008077148836857692,-10.24275856901293,9.60264843122094,0.005841582881665862,-9.596807429220824,2987
9.08369957441269,0.006978932807125488,-9.076720518471783,8.321463914044136,0.006063264687504389,-8.315400925357785,3016
7.684270588539401,0.008223638086361028,-7.676046966586381,6.768010177443513,0.007366270090626404,-6.760644153156112,3045
6.0545841840556855,0.006832983172288146,-6.0477511901182535,5.1046653342458,0.009803971094367779,-5.0948610558974,3074
4.49061403516372,0.008272046989287931,-4.482341976649443,5.300872283699238,0.007084276692002221,-5.29378786340224,3103
7.713276467223414,0.01152598244048729,-7.7017505061140135,6.156728900639357,0.007111593883121963,-6.149617152931416,3132
12.328230629682277,0.010212989427486092,-12.318018003756052,10.277483889486938,0.012693350162126322,-10.264791032909292,3161
10.717473294006819,0.009473504444179685,-10.707999644757894,10.570151278402953,0.007559133710059444,-10.562592362935565,3190
10.278176633630856,0.006884718652662658,-10.271291915742145,9.774134754079633,0.005613900127664076,-9.768520794083587,3219
9.416818039419896,0.007216306963921119,-9.409601844526836,8.875778282638144,0.0051205939555590135,-8.870657996793764,3248
8.519552738690193,0.006928589527701596,-8.512624082386559,8.051500075686294,0.004857857670404215,-8.046642607292243,3277
14.803004867318183,0.06395841042419778,-14.73904632602006,12.064991917230387,0.030107356278242264,-12.034884967635163,3306
12.603665267750868,0.034933753582713625,-12.568731507760818,12.526506229839494,0.019967413845315442,-12.506538323596516,3335
12.431007096102377,0.011330617933668598,-12.419676489446234,12.170696174148965,0.007356063586420718,-12.163340340673397,3364
12.070959682107103,0.008465985101139401,-12.062493607122553,11.80181228165078,0.0031371084989699643,-11.798674726908185,3393
11.687390855286587,0.007548844016669472,-11.679842064635626,11.400363668931268,0.0049955220480935765,-11.39536791776134,3422
11.253529406697906,0.00743405372643681,-11.246095415512809,10.915701756435158,0.005258693911992343,-10.910443196254494,3451
10.611183426214552,0.0075450650813692595,-10.603638696302522,10.15895031616751,0.006440882628734133,-10.152509571176715,3480
9.853707212597428,0.007888804320266517,-9.845818297734203,8.978645257190266,0.00413456625115555,-8.97451039542139,3509
7.349476153427343,0.016482408510679183,-7.332993739757938,6.056139574641675,0.01648347013819534,-6.039656444988419,3538
9.41996500799648,0.029234423518772295,-9.390730507712906,10.293788589207471,0.019399520833935358,-10.274389756464325,3567
10.052845294578074,0.010257430662130968,-10.042587667210757,9.65387631306606,0.005129905730749653,-9.648746861820728,3596
9.29670484851976,0.00650144445626712,-9.29020357815407,8.553972750638438,0.006131675193267586,-8.547841164918072,3625
7.429298793599256,0.00717615884089023,-7.422122749236085,5.0164605874930865,0.003825080473866083,-5.0126358977461285,3654
4.358441415406115,0.007881845289054753,-4.350559474352045,3.6707052108460823,0.008206628460799698,-3.662498609154625,3683
13.941077801200757,0.023459252770969597,-13.91761846237435,10.913689579583902,0.022709150229935096,-10.890979868120851,3712
11.258329051857878,0.016961943444435496,-11.24136702464986,11.036450723631193,0.0060826069222087355,-11.030367015737347,3741
10.78687818836351,0.009225675871117243,-10.77765239139376,10.343999060909304,0.010718111970783335,-10.33328031016662,3770
10.044561246264204,0.008724173923180149,-10.035837007331217,9.566915697756066,0.010088463008931252,-9.556827376374102,3799
8.992295970201756,0.010538185551318996,-8.981757781208547,7.822033704909603,0.010815080156368492,-7.811218666819345,3828
7.368524479892314,0.00980148932669628,-7.358722783501908,7.128130769307634,0.010929519228175678,-7.117201881071107,3857
6.092379121559589,0.012283715040575972,-6.080095402592467,4.857565841843597,0.008916679077443824,-4.848648881490251,3886
19.823119762845444,0.12390968155900331,-19.699210203732257,12.48553058320442,0.1618290053004712,-12.323701841641316,3915
12.783822125873334,0.07083775913045057,-12.71298441524148,12.610671245946293,0.014301895567801147,-12.596369650511615,3944
12.418462106647933,0.009655626887063338,-12.408806444397309,12.039041021228892,0.007493191456372759,-12.03154815403761,3973
11.750456581830715,0.00763581938786964,-11.742820781804499,11.208013593623068,0.006107636323544831,-11.201905917277378,4002
10.726099936412739,0.006293691433411679,-10.719806330469504,10.074163369372883,0.006269919067884968,-10.067893779383297,4031
9.569312278596149,0.004865287132602279,-9.564446799416,8.920463848957974,0.00562413933530318,-8.914839482940403,4060
8.539425575483463,0.004640696274554059,-8.534784849055415,8.015143217238705,0.0029685367063610954,-8.012175028303028,4089
7.757070253281767,0.005349502846385047,-7.751720550436169,7.239620546324063,0.005289965037223512,-7.234330641484894,4118
10.107542936962258,0.008756006458956982,-10.098786990198306,9.581293156716676,0.009852140152876356,-9.5714411102565,4147
9.308288268243858,0.007369488584495826,-9.30091904174401,8.75070376944753,0.0043978519671786145,-8.746305887678028,4176
8.276050320008098,0.005838810284483393,-8.27021153627709,7.589523581276953,0.006517759730330611,-7.5830057869970275,4205
7.114748197195943,0.006172568940833753,-7.108575621145431,6.478547729222121,0.006657322159910624,-6.47189020477565,4234
12.47111147635564,0.018870224106272367,-12.452241075341204,11.036716494940023,0.02546763472852454,-11.011249238410882,4263
11.084029369080868,0.016648309874166597,-11.067380852578362,10.800748057070031,0.007103147034623981,-10.793644187724695,4292
10.599587434181961,0.009578118883196547,-10.590009392819304,10.188744469026549,0.006572402420297133,-10.182171846913025,4321
9.920684532661816,0.008066382673964348,-9.91261823963304,9.418222300774229,0.006327139197197636,-9.411895616919594,4350
9.105245245331046,0.00981525939610985,-9.095430149133046,8.609322142812003,0.009350971442408266,-8.599971264864491,4379
8.256802440609663,0.01255339717588982,-8.244249017919437,7.586741059227327,0.009926289451860748,-7.576814904677129,4408
6.341718267842453,0.022410123258861974,-6.319308149512311,4.760143482579594,0.01982142466359434,-4.740322011761961,4437
7.4708434076530015,0.03688223352768718,-7.433961046044329,5.8647907729697435,0.11243967355880062,-5.752350933783878,4466
6.796024412935335,0.040577176075260325,-6.755447034404717,6.527805168016822,0.008369881494910317,-6.519435241159084,4495
5.873573609197547,0.009186259128950134,-5.86438729770917,4.894767672614714,0.007154829206719862,-4.887613347146363,4524
4.142022911742609,0.008885726765981056,-4.133137115175695,3.081569829873279,0.004153526594153548,-3.0774163777849317,4553
3.4067685982621096,0.00891156943952367,-3.3978570141103592,2.9784735599450305,0.008193802385203607,-2.9702797948786643,4582
2.257517838556948,0.007776638290659004,-2.2497411746831557,1.3342737476382636,0.007975182833924758,-1.3262985702109549,4611
10.56557501926443,0.026765680234250844,-10.538809110731904,7.633236804894642,0.01613378129174224,-7.617103239076328,4640
7.570224246747438,0.010452203427943531,-7.5597721003119185,7.070618743390108,0.007282838225364685,-7.063335655009852,4669
6.724638109301785,0.007544899837841929,-6.7170932437514,6.104423881632037,0.007397878750235633,-6.097026183541897,4698
5.729219869847071,0.007420925684314315,-5.721798780077479,5.072135326081672,0.0076602818691625,-5.0644750004321075,4727
4.636918689345052,0.008269723792290346,-4.628648982947033,3.9327019104915384,0.007874480259102003,-3.9248275756835938,4756
4.396011302594707,0.007786529493962785,-4.388224752104401,4.068166737007884,0.009660846364181654,-4.058506045721273,4785
3.7892858382753922,0.009690886254544558,-3.779594888235006,3.1391154580411658,0.010669625702157485,-3.12844561686558,4814
2.8055732781200975,0.009809232271731295,-2.795764041972134,2.220683469181567,0.008912446620190037,-2.211771129506879,4843
9.613789115220209,0.025373263750738714,-9.588415480238337,6.419334715446539,0.0178041425162712,-6.401530375522849,4872
5.966139493467001,0.014794576818651244,-5.951344899069251,3.7967444141354183,0.021939198791453268,-3.7748051196073007,4901
3.1299229069082055,0.05383437244342733,-3.0760885089340126,2.025307771378914,0.08130945252106253,-1.9439982861544178,4930
6.718721154769174,0.2852202667028139,-6.4335009712631415,5.155204186397317,0.11363034543737902,-5.0415735835522675,4959
5.434400699893064,0.09830739006580828,-5.336093423122082,4.780491069354842,0.09345761864586213,-4.687033324115045,4988
4.10126301603517,0.10663419337624883,-3.9946288810149575,3.0300284951134064,0.08803754148230089,-2.94199094519151,5017
10.556263595589467,0.18539932780912455,-10.370863942879168,8.133353520283658,0.21479752000454252,-7.918556685996267,5046
8.759127013344223,0.11111992604151581,-8.648007309817952,8.255919152656487,0.09708464251155347,-8.158834676826949,5075
5.867788223079442,0.11525424615025126,-5.752533957871476,2.522600545292407,0.09757751912142323,-2.4250230367204786,5104
2.534340428412289,0.11513951318923799,-2.4192008909080362,2.8984462729597515,0.08823295293656071,-2.8102133084187466,5133
2.1868157187002364,0.12117215185996058,-2.0656436112644654,1.418647423254705,0.11365229999069619,-1.3049950726264345,5162
7.005682151924814,0.14239674405725683,-6.863285384341138,5.640843771200265,0.11553677415425799,-5.525307106760751,5191
5.02581203338724,0.14753076273130608,-4.878281363052991,3.7894826315145576,0.1214204478052865,-3.6680621594454337,5220
2.8954861150949767,0.14471254538017703,-2.7507736096702837,1.5705195929096862,0.11687294149820783,-1.4536465838947128,5249
0.8881886699365281,0.15996293537934797,-0.7282257763527195,40.97331102759437,0.13298391662867723,-40.84032717004286,5278
14.053969117220339,0.6386173305069861,-13.415351581678632,8.147866033874783,0.14455774189096637,-8.00330818648887,5307
7.8708545701637815,0.090698473410149,-7.780156262785755,7.180333859097641,0.061536035179036906,-7.11879784238022,5336
6.836545345407337,0.0926251131486735,-6.743920171668274,6.145795379064779,0.08323391032429923,-6.0625609676394845,5365
5.822001794733049,0.11107738238842511,-5.710924411424597,4.965197926074003,0.1012362695373265,-4.863962089065957,5394
4.001771774418168,0.13970322908613883,-3.8620685737214515,2.8214529404598,0.10746500871877755,-2.713988076269099,5423
5.009269782700375,0.13617426433005958,-4.873095427221868,4.8721080796908485,0.11573761965321229,-4.756370476916828,5452
4.935627236518734,0.12745706157095507,-4.808170205045824,4.312649743746867,0.1364861642364907,-4.176163732478049,5481
3.558979339084394,0.15005733317550776,-3.408922006171751,2.23219946633398,0.1362487847826122,-2.0959508440135854,5510
1.8319862799712816,0.15027663831279717,-1.6817096754366403,3.9938824915252957,0.12668444203064505,-3.867198032615459,5539
1.2476088417141544,0.1491300649653459,-1.0984787693885878,0.3488867219570464,0.14971619897184119,-0.19917049344662016,5568
5.825314301508659,0.2254293085853215,-5.599884647255827,9.189072254484733,2.0599143779383295,-7.129157749952468,5597
7.016176461384867,0.6488146544028538,-6.367361773203857,6.263484705865911,0.1088438308344478,-6.1546409404383295,5626
5.863188694172684,0.08618777366036748,-5.7770008856827,5.113715420782039,0.07961760791002122,-5.034097587112832,5655
4.763139510759314,0.10174037169463843,-4.661399172579966,4.079468317791424,0.09563313648764012,-3.9838351359409567,5684
3.839362077439633,0.13098016003395258,-3.7083819724759035,3.9816447950042453,0.1167373161400314,-3.8649076613704714,5713
3.8882843249425076,0.13754674618141655,-3.750737523559436,3.089625721484159,0.11647089181748112,-2.973154861315162,5742
2.601577128438729,0.14882282043633677,-2.45275433823187,1.8067183452369893,0.12734706000944154,-1.679371335865122,5771
4.48146401166653,0.14203572411258533,-4.3394282339951955,4.158777950084315,0.11786192286331042,-4.040916105287265,5800
3.846625518903974,0.14334141984664092,-3.7032840732965604,3.325782927791629,0.12244691785457915,-3.2033359898930103,5829
2.933812061770354,0.14235602166450273,-2.7914560038304774,2.147641511090034,0.12037389679292662,-2.0272676754841763,5858
1.7771128192626129,0.15296217914190155,-1.6241506662757814,0.8857352137565613,0.12751374624471748,-0.7582214490502281,5887
0.4498541979766076,0.15117744679224926,-0.29867674037403413,-0.11698831340907949,0.14190733116284937,0.2588956377147573,5916
-0.37921522437803273,0.1576551965210903,0.5368704329909143,0.8941997468999002,0.13461733602844508,-0.7595823887175164,5945
19.35202941452918,0.28907396761821674,-19.062955223344257,9.06300555710244,0.07105334353657951,-8.991952001521017,5974
9.07210447822411,0.07719524285233402,-8.99490925074938,8.596732409654466,0.08743309552690624,-8.50929948924917,6003
8.37969862823318,0.13826685874438469,-8.24143182823913,7.155467818268632,0.12628251577900573,-7.029185269786193,6032
5.820475860099414,0.13594720428018875,-5.684528537989977,3.183039279110664,0.11679511365637316,-3.066244311037317,6061
1.6580244862323559,0.13358474553222824,-1.5244397070862623,0.2878795514723896,0.12079312421579276,-0.16708640714662265,6090
1.5937192928961907,0.13824395492032188,-1.4554753402102216,1.3446840891795875,0.1348922347600481,-1.2097919430352946,6119
1.1120108242466011,0.13711147692132547,-0.9748993642800698,0.25368932703823116,0.15953666551978188,-0.09415262779303357,6148
1.7401201366195342,0.15551177866535124,-1.5846083950181518,0.7808873305278542,0.13056612964225026,-0.6503212177647953,6177
0.19039397984907408,0.1478617405549694,-0.042532234759682985,-0.9479677940891907,0.14471200926113972,1.0926797579875034,6206
6.739960228332217,0.21592685747830057,-6.524033147944373,5.6554986481117995,0.1328675314388444,-5.522631012232957,6235
5.42226712574901,0.11113568939999682,-5.311131343820524,4.5795616976982725,0.1115705239034332,-4.467991246586353,6264
3.7448068130371195,0.15150288105536716,-3.593303920152826,2.3069761115892797,0.14114942592857158,-2.1658267130893942,6293
2.5686320268858096,0.148033015914631,-2.4205989627354465,1.3022441547528831,0.12788679536464995,-1.1743573889268184,6322
4.392614789939636,0.14288901835844298,-4.249725676161189,4.317797390760574,0.13040416430583043,-4.187393255993328,6351
4.105977201146354,0.1407595474638513,-3.9652176029495525,3.0987230043495653,0.12305646976538465,-2.9756664174847898,6380
2.152804183312656,0.14627710224643695,-2.006527062156366,0.6865417079060478,0.12176824038007618,-0.564773483613951,6409
0.5234983506578594,0.15627454397039614,-0.36722382308366935,-0.3276787242003247,0.14180244386723612,0.4694811875841259,6438
3.467743255863379,0.21472463271320852,-3.253018540084822,4.269692598190983,0.9920234005008124,-3.2776692145693618,6467
4.804140031534887,0.3284786764815729,-4.475661331395462,4.386609225146539,0.12255127029081361,-4.264058070900166,6496
3.7315339755591377,0.13756519536330655,-3.593968766789715,2.652855081895811,0.13539994606929542,-2.5174551094527793,6525
1.9640159261923247,0.15255402506646407,-1.8114618771394269,1.1482527915355378,0.120651532063442,-1.0276013770989612,6554
0.7039575888277283,0.14467597218043485,-0.5592816293962473,-0.024349834539194024,0.12593308381274737,0.1502829441982033,6583
4.469414178171126,0.1420521103297468,-4.327362060546875,3.1436498439417475,0.11351686452342345,-3.0301330026272124,6612
2.982555842846468,0.13545924865424042,-2.8470965830204635,2.216396338116806,0.13639742294244006,-2.0799988771961853,6641
1.6443219360337893,0.15419383033239328,-1.4901281107615478,0.6599035086357488,0.13145511445745958,-0.5284483791452593,6670
0.28896634617477424,0.15615970297185694,-0.1328066420528828,1.2555956808866653,0.14401775440283582,-1.1115779201541327,6699
-0.4433049044049167,0.1580373299818449,0.6013422540687805,-1.112405189370687,0.14595451608168342,1.2583596896281284,6728
0.9243597507871104,0.15748231715903654,-0.7668775510630245,0.04766794894121389,0.15761601819401294,0.10994804432961792,6757
0.3309492474091224,0.1538664753145262,-0.17708275941135865,-0.24749483576918072,0.13046722285515439,0.37796202592090167,6786
0.023655203237817463,0.14843618107472917,0.12478098191131962,-0.7631923150172276,0.13365673702375025,0.8968491174478447,6815
-0.9371927638169555,0.1543295698891401,1.0915223261487261,1.0651743385644086,0.1292406995739557,-0.9359335941551006,6844
9.144300846701288,0.18228990016987726,-8.962010647522444,4.412345831373097,0.09433522266624249,-4.318010920971895,6873
4.196807320614766,0.12997328328192562,-4.066834023926724,3.519828663463086,0.14437252441338733,-3.3754560419943482,6902
3.0982948866279543,0.15631338280380233,-2.9419815753234393,2.3720759796885265,0.1458188569651241,-2.226256986634921,6931
1.935035909352518,0.1561477280241389,-1.77888822608115,1.2300303493980813,0.1378466956383359,-1.0921836954302493,6960
0.9026019953051634,0.1526607161977194,-0.7499412743758734,0.9266415876624858,0.12826331421337298,-0.7983783958232509,6989
3.570315470637665,0.15499765988615935,-3.4153177041597376,2.0522234576993283,0.1506507881974752,-1.9015728266893235,7018
1.6878229521601045,0.14782108519279707,-1.5400018755104208,1.078449060431624,0.1274402890585165,-0.9510087966918945,7047
0.7559230693974331,0.14860915848543782,-0.6073139263224575,0.06577373605913821,0.12001339946172934,0.05423965918279327,7076
-0.4463995183841659,0.13524340939232637,0.5816429176561888,-0.7007088017674674,0.13192248449916333,0.8326313052557212,7105
5.037664124563484,0.1388254878013636,-4.898838599435287,2.8221645418521577,0.09726798112413525,-2.7248965238047913,7134
2.4071675784795525,0.1411027698033174,-2.266064821556621,1.6382890348940824,0.12940866546293275,-1.5088803620465034,7163
1.2727107126039865,0.13669493087991463,-1.1360157703223013,0.6105593347971419,0.11925936167219044,-0.49129997101505246,7192
0.310063015279394,0.13474699141829385,-0.17531602989878123,-0.4437980709877689,0.10411547665047434,0.5479135513305664,7221
-0.7701786208441923,0.1346233416155654,0.9048019449135172,-0.9933463693720049,0.12778069382220242,1.1211270695239042,7250
-1.2211917287853875,0.12846925989401248,1.3496609648901152,-1.6425725443173298,0.10670340272177638,1.7492759502039545,7279
-1.5095123959481387,0.14081918746397276,1.6503316023383934,-0.16946136160234435,0.11091390331234552,0.2803753160797389,7308
-1.1057763685202258,0.15407389527250415,1.2598502575496855,-2.043583580877929,0.12936898986850165,2.172952702615113,7337
4.144614821363573,0.2203453501897978,-3.9242694527732236,2.7608952754366713,0.39470323630138837,-2.3661920665639693,7366
2.549354882986832,0.16698584312115114,-2.382369039339951,2.212216992293839,0.12344378813178139,-2.088773102886909,7395
1.8475704764846668,0.1441220767968545,-1.7034483765556898,1.1515827147306594,0.10784881093860728,-1.0437339428251824,7424
0.8222201837200052,0.13922894027293584,-0.6829912394383777,0.5084814383129103,0.13564044922853993,-0.3728409826228049,7453
0.07459810269378381,0.14355792888864266,0.06895983390008996,-0.25163042756308496,0.11289196309790148,0.36452240226543053,7482
-0.4590593098016926,0.13639561646302717,0.5954549302076951,1.5968369055638272,0.1163307407260996,-1.4805061880466157,7511
4.163391749151749,0.15611247085815227,-4.007279261470235,1.4530343165439843,0.09259768924881927,-1.3604366673832446,7540
0.9369830727380061,0.10476289326458545,-0.8322201894951498,0.20184511645177824,0.12796409362185318,-0.07388101847825852,7569
0.056749514537188815,0.13242017026772968,0.07567064344160086,-0.5884192828583507,0.0958175131704955,0.6842368303147037,7598
-0.9674589766688488,0.13966328227664565,1.1071222669628777,-1.3693197691335088,0.10468608721167641,1.4740058088724592,7627
-1.7692610673368174,0.1333906356134383,1.9026517289738933,-2.0179339193664823,0.11936654664773856,2.137300575728965,7656
2.326320290302626,0.15935094932211274,-2.1669694275945393,0.640265586629378,0.19538175532248167,-0.44488381917497755,7685
0.9511501414510355,0.16568276532561146,-0.785467380199832,0.6328519408681751,0.15235540297179095,-0.4804965626876966,7714
0.32186863007067057,0.16022113304022523,-0.16164748592439795,-0.31117591604722283,0.13715636941183984,0.44833225064573035,7743
-0.626708479937014,0.1464696511412666,0.7731781310782806,-1.126231587038631,0.12790220817633435,1.2541337477422394,7772
-1.25835402653262,0.16407168391258214,1.4224257337744732,-1.478213470594018,0.13250204947142474,1.61071554538423,7801
4.084535247830073,0.1464808406482852,-3.938054320567761,1.0577059219368792,0.11215879853847807,-0.9455471038818359,7830
0.8645801662478715,0.14025650818266444,-0.7243236706827284,0.5160710881505393,0.1313294119539514,-0.38474166498774975,7859
0.18137355544732714,0.13769585820779517,-0.0436777015768049,-0.2581264323892847,0.16608618634991942,0.42421266884930364,7888
-0.7075103130992482,0.17194520257405171,0.8794555277650911,-1.3289194064857686,0.14745960193397725,1.4763790400682297,7917
-1.3961184634657653,0.14148108015512553,1.5375995341577497,-1.8031208135385428,0.11162929724803013,1.9147500907425332,7946
5.745766250274936,0.18801549704624249,-5.557750670360494,2.0742451406158176,0.09681544578180903,-1.9774296347018891,7975
1.7782551421154427,0.1447972602066158,-1.6334578830588613,1.1608248822456968,0.11612288297805111,-1.0447020066522918,8004
1.0036283556655328,0.14627610809090644,-0.8573522615064728,0.5788786975683364,0.10938260935049142,-0.46949607292107776,8033
0.06870653861445655,0.12486693391200594,0.056160412654855676,-0.3588932251508257,0.12231196344426248,0.4812052228809458,8062
-0.47662593077666965,0.1368997295478476,0.6135256619017074,-1.032480164966752,0.0999172103088514,1.132397390044896,8091
-1.2752318589926555,0.1326485232192337,1.4078803645999325,-1.5347586701401568,0.1114617385695466,1.6462203844458656,8120
3.9005142122408523,0.14569790058388338,-3.7548162508694314,0.8992182338132267,0.09785045881186967,-0.8013678356609514,8149
0.7409767893604039,0.1456668679217388,-0.5953099317561173,0.2760787769756486,0.13206342363779525,-0.14401533540371245,8178
0.14873907750404655,0.15087423356128765,0.0021351485163006263,-0.251725993325225,0.11954089287108025,0.3712668503280235,8207
-0.6356611416450277,0.1335448059515233,0.7692059705643828,-1.1624605972155007,0.10144164393433427,1.263902225325593,8236
-1.3500057512764894,0.14281567481018875,1.4928214326583038,-1.196637257010536,0.12274987507710415,1.3193871152084486,8265
-1.8016497730025909,0.11037366958016728,1.912023470709316,-0.34913920301251705,0.10922615928987486,0.45836538973107804,8294
5.962002186160103,0.14020307114000752,-5.821799334249528,1.2570238208348772,0.13053167710262062,-1.126492069885794,8323
1.163915683179601,0.15017425212208202,-1.0137414485380432,0.7284242381564284,0.142760656576241,-0.5856635591625112,8352
0.4027306999366365,0.16042480828875086,-0.2423058862591526,-0.10649303182036476,0.12608311239597017,0.2325761508097691,8381
-0.2655943243085615,0.15271845686659136,0.4183127898496987,-0.7010280590141769,0.1214841456539863,0.8225122299869504,8410
-0.929571449428041,0.1532683515758998,1.0828397944323152,-1.2275509950333992,0.15338327610387212,1.3809343354891888,8439
-1.340859656231406,0.14770402140759317,1.4885636974195924,-1.8004096630400261,0.12779230248611584,1.9282019623612936,8468
-0.9399581332716684,0.1489598925873358,1.0889180056183971,-1.540537880585257,0.09240103928388747,1.6329389926606575,8497
-1.8066353123663805,0.12749880545720244,1.9341341226865858,-2.2012795304830095,0.14313063684817964,2.3444101789356333,8526
3.5447752846378213,0.23323165765802284,-3.311543501987478,0.655061060875918,0.10071966711398775,-0.554341333102336,8555
0.18835124028425626,0.15032472490212884,-0.03802652132944866,-1.030648670365325,0.09369265189213036,1.1243412389164478,8584
-1.0441321018906649,0.1342052432904564,1.1783373258605419,-1.4307511527981378,0.11961939060582524,1.5503705117554791,8613
-1.8745729517121825,0.13923112008116867,2.0138040519470417,-2.3575845946252874,0.14121731192664763,2.4988019825082963,8642
-1.2785203196642285,0.15832280061210793,1.43684315497452,-2.215618319216028,0.12865994250879878,2.3442783186920977,8671
3.4473286526731513,0.15633050083719777,-3.2909980519472435,17.130548747239914,0.52734187640975,-16.603206398212805,8700
3.98976771150692,0.4718900878216492,-3.5178776481317184,2.7670340242639053,0.1372098384705265,-2.6298242417057005,8729
2.3007466900834963,0.1334175424775583,-2.1673291152735397,1.5508562284233296,0.10379876605177348,-1.447057437052769,8758
1.1270175631575967,0.12805307608060826,-0.998964489229196,0.43041907837696836,0.11913206197519217,-0.31128702332488206,8787
0.14041948292194942,0.14299862387424792,0.0025791462095990335,-0.30054828339973383,0.13945043508985402,0.4399987237643352,8816
-0.4792507228081124,0.1531050284090221,0.6323557504613975,-0.7805936473660764,0.14568499337255428,0.9262786713321652,8845
-0.7145861149359959,0.15127523783943486,0.8658613596099214,-0.8759876616233218,0.12166301972043198,0.9976507372560754,8874
3.7039162249128768,0.22440435657690483,-3.4795116943193243,1.476737969744522,0.5823956211056329,-0.89434228745182,8903
1.7867889591588206,0.18938669585340473,-1.5974022908405274,1.2040607691866108,0.14210643599518633,-1.0619542873011225,8932
0.75706612998096,0.14155366770356334,-0.6155124714776725,0.11987763564143561,0.12136607992965563,0.0014884450794321246,8961
1.0699950393531656,0.13513365364915875,-0.9348613787380837,0.543075427281118,0.08941357747643394,-0.45366188066195595,8990
-0.05993800593053361,0.12007657958496498,0.18001457789241282,-0.7692812966034476,0.11007722078171452,0.8793585448138481,9019
5.8918115464434475,0.2336621171452902,-5.658149627761252,3.205086611013497,0.6961265074468292,-2.5089600824676785,9048
3.4888476476385417,0.20300234744146614,-3.2858453306894186,3.2837649467772088,0.13044046195207443,-3.153324329747563,9077
2.9569525075983973,0.14243273724531785,-2.814519789673659,2.4191277501857384,0.11491238121437815,-2.304215253981869,9106
2.0255766527392502,0.13536095540342152,-1.890215698124424,1.4151043153442113,0.12831237780309357,-1.2867919196069768,9135
0.9567788374726276,0.1441219594276201,-0.8126568899396499,0.0305463109923675,0.104459013559122,0.07391269439089615,9164
2.3374283592388148,0.12691071435661275,-2.2105176553968033,2.4377763841004496,0.08428105738310687,-2.3534953024535055,9193
1.874643384950295,0.047690917204864236,-1.8269524337701262,1.0079547942212197,0.028031150324154742,-0.9799236533916102,9222
0.29732894174582114,0.04368895318568607,-0.2536399927002592,-0.5997788157083291,0.05930209687325807,0.6590809104716884,9251
1.971293196788565,0.07377105957880829,-1.8975220294350958,2.8254547857605252,0.11273357825996601,-2.7127211241595512,9280
1.52552984416682,0.1341469403532926,-1.3913829076907864,0.9059124140612846,0.1168720732747981,-0.7890402785444681,9309
0.5547965605966049,0.125032510752189,-0.4297640483986582,-0.05134691021083731,0.1178947349565219,0.16924164358493501,9338
-0.41257277791529007,0.13760128883437522,0.550174073321291,-0.9127101455114585,0.12559590297462667,1.0383060590355797,9367
-1.2092362761891795,0.14871070258804037,1.3579469862688731,-1.513667213178314,0.1340970876997551,1.6477643578453403,9396
-1.814387084630779,0.14463251743716204,1.9590195989135608,-2.1007005661989737,0.1335091970663155,2.2342097864741772,9425
-2.4046895690631973,0.13881800258829943,2.5435075539081073,-2.7588470994898704,0.13991005652773697,2.898757191885889,9454
-1.607395848996584,0.15655455384259712,1.763950352106231,8.727396399573943,0.15640845762944855,-8.570987802691164,9483
-0.47979056118867364,0.15026543526822966,0.6300560195233094,-1.6736670954037556,0.11641638679841979,1.7900834547734894,9512
-1.8823808924497292,0.13979522395948854,2.0221761179864077,-2.3147224578182253,0.12144156683862736,2.4361639444806933,9541
-1.8938018831423389,0.15182164892997868,2.045623501711407,-2.652213248531375,0.12840217615650817,2.7806152073682937,9570
-2.618994989363598,0.14903414525428443,2.768029180356397,-3.0286671313564333,0.11169532653504768,3.1403624272979465,9599
5.233359789112305,0.19926961950850985,-5.034090504230974,1.1025752704755394,0.09183292367817027,-1.0107423731711058,9628
1.0508562428948636,0.11809157615459741,-0.9327646592486128,0.689596064586555,0.09965525158738668,-0.5899408095705826,9657
0.3295417390065524,0.12597807581395798,-0.20356365706455354,-0.0380767715715729,0.13161022262235658,0.16968701793029245,9686
-0.12227900735335681,0.18231623227961666,0.30459524410167893,-0.6804667310377138,0.12003739534226139,0.8005041358745204,9715
-0.9109891094472732,0.14482275233116276,1.055811871241577,-1.2450160695388255,0.11736849451487043,1.3623845091963236,9744
-1.1273090759212154,0.15352092412235718,1.2808300010950326,-1.2861671711491272,0.12894257085513225,1.4151098031913285,9773
-0.3662084368650022,0.13342866252249366,0.49963707487533215,-1.4367807839824036,0.10406692154639591,1.5408476770451638,9802
-1.7200101030438053,0.1333729479515303,1.853383019057235,-2.232840329144908,0.10951927805368879,2.3423595259674883,9831
-0.9086373534460184,0.15316026804859872,1.0617975289661277,-2.1630551625142056,0.13961235717334577,2.3026674996435115,9860
-1.773033143667034,0.1476978509139594,1.9207310271762565,-2.210146549528679,0.11547995668596926,2.325626508324547,9889
-2.4500703444948795,0.14609053773680228,2.596160871848513,-2.7859837713494766,0.12843345751804588,2.914417300604086,9918
-2.5987860404669645,0.13902162191229067,2.7378076912944085,-1.8610940274939072,0.11785146514926337,1.978945436730849,9947
3.754120594348508,0.15698725543710862,-3.5971333517917854,0.07505420747056471,0.13881861108594237,0.06376439491204455,9976
-0.10053951501057719,0.1498190440574318,0.25035854737051527,-0.5190127945579259,0.14025110903039442,0.6592638893465025,10005
-0.43876822077583977,0.14144071433877997,0.580208940043339,-0.962465656542145,0.11760098638787733,1.0800665796330544,10034
-1.273025789623618,0.10933031432552401,1.3823561053291833,-1.8582306013698071,0.08963895266034962,1.9478695287113696,10063
-2.0995711199898177,0.12272685943653985,2.2222979881009035,-2.5908834997531587,0.12203908072108716,2.7129225266718233,10092
-1.8844123058834308,0.15112088586161654,2.0355331973966453,-2.2910611270803267,0.11112098145273934,2.40218208110438,10121
-2.686476588643504,0.14019146262613652,2.826668029583276,-2.8193297006387628,0.11267246398250613,2.93200237983096,10150
3.1044613003665056,0.18889973497443321,-2.9155614369496488,-0.2671305030848073,0.09502216988960199,0.3621526566226925,10179
-0.1845708704310189,0.12144491579198785,0.30601579154602354,-0.6183991310870753,0.11314965138393165,0.7315487988227236,10208
-0.6944298025265813,0.14030768938337954,0.8347375027531432,-1.2940547666718474,0.12121259533198533,1.4152673366850457,10237
-1.1043578955409545,0.1603967622990382,1.2647546623086983,-1.6990296186599056,0.11362061669341231,1.8126502248038232,10266
-1.880004358659637,0.14495045058388167,2.0249547779625807,-2.1881890866608744,0.1335337045973381,2.3217227564448804,10295
-2.1897805604545653,0.1874053520299371,2.377185918267533,-1.1572316768950066,0.17432417489786065,1.331555830693878,10324
0.1132012845531451,0.19106266753544748,0.0778614042086533,-1.29255140355203,0.16990913754015896,1.4624604419269394,10353
-1.7902593996453837,0.17348755602011212,1.963746965654367,-2.1983713934906817,0.15135548389063472,2.349726921689194,10382
-2.4794234083400672,0.1777526943265669,2.6571761050324194,-1.624976364912185,0.15831710806990093,1.783293529949357,10411
-2.5975890291039447,0.16820981089834866,2.765798776914687,-3.0891727177442703,0.12328552355808495,3.212458517699115,10440
-3.0835716640278945,0.1668041744726364,3.2503758675471164,-2.7086851639030254,0.1571102754204674,2.8657955068402585,10469
-2.04414845064956,0.2061922718435033,2.250340738790695,-3.1357402400632877,0.21092078960047358,3.346660850322352,10498
-3.306629069979162,0.22099099953093104,3.52762013680354,-3.535242502668263,0.19326480722005387,3.728507320437811,10527
0.8975732025486041,0.2664365978724638,-0.6311367112720158,-1.2401041499281351,0.291844853257711,1.5319490010759471,10556
-0.7817529693590898,0.16409388398125258,0.9458468656949987,-1.269392608541303,0.10624314092956813,1.3756357716248098,10585
-1.6472546874228229,0.14995905687948308,1.7972137467995237,-2.4416158452498173,0.1654051616128567,2.6070209942032805,10614
-1.1164209182890668,0.22693693703564158,1.343357881085481,-0.9177563411999593,0.17775016548359288,1.0955065499364802,10643
-0.958440761844799,0.20381024719730365,1.1622510550434824,-2.0735800350661826,0.10461938486690014,2.1781993967241946,10672
-2.567793102748076,0.12213592203344242,2.689928982197384,-3.171462759507441,0.12617631929110637,3.2976389522046112,10701
-0.02696469444227061,0.18600967963448958,0.21297433541917224,-1.4158769413433243,0.17437332499343738,1.5902503022050436,10730
-1.7671973769693679,0.20379397729791643,1.9709913407297355,-2.4480416795848745,0.19628864052021397,2.6443303201050883,10759
-2.7675102416840778,0.22347183159194156,2.9909820724874243,-3.1172087129238433,0.2246315226090693,3.341840187005237,10788
8.070584445173186,0.8685742638996969,-7.202009768838262,1.950235520843911,0.2467421113917258,-1.703493472749153,10817
1.5895428196203616,0.2058905662749016,-1.3836522465109693,0.9765831796468887,0.12799270490629483,-0.8485904204106964,10846
0.5106529264064976,0.15214361376904337,-0.3585092970134142,-0.2550399023874671,0.14589656559766923,0.4009364431938239,10875
-0.47914419639465433,0.16740577591556435,0.6465499916307982,0.3716496837086382,0.14722308226391279,-0.2244266282140681,10904
-1.2457339964733103,0.15332605347218034,1.3990600416652423,-2.0424402582961902,0.1531140424508964,2.195554345054964,10933
2.7851441963242065,0.30591248072757743,-2.479231815485339,2.4081149649831044,0.6759628363415203,-1.73215207800401,10962
1.7489106840440694,0.17223408716384736,-1.5766766494532274,0.9775148973000788,0.1188466812657044,-0.8586681838584157,10991
0.2869578770134914,0.11274125767910756,-0.174216613222772,-0.524524073685165,0.11268712567017142,0.6372111750914987,11020
-1.0073674950079197,0.15165162451212041,1.15901913690199,-1.7524540361049956,0.15447042157164717,1.9069243574564436,11049
-1.6978747376796297,0.18594738745768252,1.8838220967478894,-1.326459572378513,0.19407788842125276,1.5205374354809786,11078
-2.1414758446723914,0.19411080411934142,2.33558661935085,-2.886268683239422,0.1721681926102765,3.0584369760698977,11107
-2.1394733900600653,0.20983455357241393,2.3493079261190966,-2.6438325822880837,0.2218935700644434,2.8657259983299053,11136
-2.19972281182614,0.20476722296701114,2.40449007133139,-2.8685905659093267,0.1664032767304277,3.0349937709031907,11165
-3.0878140737098265,0.1814069858328116,3.269221088194926,-3.525079503523565,0.1744947876550455,3.6995741582549777,11194
-0.11568123174475993,0.3394593062185269,0.455140634303319,-0.21328425301914722,0.3136256395188053,0.5269098872632052,11223
-1.2772654797039853,0.18753730685603132,1.4648027840627988,-1.776014585410599,0.17475065087850114,1.9507652552781907,11252
-2.1744164045748136,0.17471111596222091,2.3491275497150528,-2.6461561823313215,0.17483498353873733,2.8209911785294524,11281
-2.4427523701035856,0.19733466439630915,2.640087041465818,-2.8906791695451313,0.16610297270580732,3.0567822076578057,11310
-2.612329722502266,0.17962529522581427,2.791954970018078,-3.3890310135562864,0.17276067227388905,3.5617917491271434,11339
-2.8827190635748448,0.20516853571726706,3.087887579971532,2.6412930024408663,0.2215682299791184,-2.419724759802354,11368
-2.61511050103912,0.22602946597922596,2.8411399668869137,-3.2459815455748973,0.2223650290902737,3.4683465873245645,11397
2.122560008489573,0.22489011248259455,-1.8976699588317198,5.005241440460745,0.9398884393472587,-4.065352853420562,11426
3.5955882524576577,0.8294550853369649,-2.766133074986501,1.658458853189924,0.19287329226468516,-1.4655855060678669,11455
0.9604642970165055,0.18560532185576584,-0.7748590088731793,0.5919333105593656,0.15698575973510742,-0.43494751179112795,11484
-0.10043440915258085,0.148830954268854,0.24926535665266042,-0.46063559350714217,0.14790250031294022,0.6085381296883642,11513
-0.8842479249805442,0.16082204492247223,1.0450699668472105,-0.11069955868003643,0.1626395356338636,0.2733390616104666,11542
6.007131475072185,0.189250027068789,-5.817881073683599,8.775649281729638,0.7816148437229933,-7.994034758711283,11571
4.926950259403199,0.5540416291950819,-4.372908591172661,2.0877052176315174,0.15633565345696643,-1.9313696127022262,11600
0.28080267693268296,0.16774485129637123,-0.11305781025870763,-0.9272386331473832,0.1567399691691441,1.0839785854373358,11629
-0.13987812028567348,0.17578259074306804,0.31566073113791604,-0.7247436911658903,0.15633345916207914,0.8810771165695865,11658
-0.7572456357103199,0.17922681655484235,0.9364724374790044,-0.33418269125761185,0.16354400077752307,0.49772669783735696,11687
-0.9420130670793527,0.16193646001973516,1.1039495331449836,-1.717126593125605,0.14919444523026457,1.8663211248617257,11716
-2.2120911996183215,0.16565245567372247,2.3777436673838355,-2.8450423236441824,0.1676931718809415,3.012735518734012,11745
-2.382826437629439,0.19476948709708722,2.5775959194692257,-3.115912123064024,0.18761420671918752,3.3035262791456375,11774
-2.759258466886712,0.17734401465250876,2.9366024210802646,-3.2165946095390656,0.1834549144306014,3.400049800366427,11803
-1.5624510781899046,0.20037901992966084,1.762830074987443,-2.454572694491496,0.15871512573377222,2.6132877653678963,11832
-3.009618252088637,0.1757541659648521,3.185372404121643,-3.2522828030375255,0.18397764611033213,3.436260392180586,11861
-0.6493709791850097,0.20791648109797736,0.8572874542370915,-2.353853067465588,0.1711883418327939,2.5250413270123238,11890
-2.6187544173941983,0.19170421854795142,2.8104586511883216,-3.017355737432969,0.18491758920450127,3.2022734110334277,11919
0.0504434436001089,0.1995380708111949,0.14909457424378317,-1.518114313615107,0.17875541416944657,1.69686977420233,11948
-1.7084328611735604,0.19340587713752586,1.9018387484313897,-0.9431884879559542,0.19672636226215193,1.139914858657702,11977
-1.9528381714090097,0.2019311987446845,2.154769375936725,-2.7112844011424917,0.15141879984762815,2.8627032727266837,12006
-3.032013843708816,0.190083162261475,3.2220969489285807,-3.5645674857418093,0.18925882651742582,3.7538262426325706,12035
-3.334081961538195,0.20939320003841783,3.543475183657275,-3.4400680128451997,0.21727330916750748,3.6573413410017976,12064
0.13695808781809948,0.21159170165477278,0.07463360884223778,-2.1360433312643945,0.1898763749451764,2.3259196998798743,12093
-2.319133403677136,0.18093219954754577,2.5000655417142656,-2.1915160765690085,0.16298703598765146,2.3545031252160538,12122
-1.0462382302394644,0.18034204995093298,1.226580265995686,1.9194131372249232,0.19236141179515198,-1.7270516758471464,12151
-1.3804835434653924,0.19357439740884397,1.5740579344340433,-2.1346549375922277,0.1705592100599171,2.3052141645313364,12180
-2.2572716452189554,0.18547530316202485,2.4427469920165747,-2.7103511886259097,0.16591739443551123,2.876268538753543,12209
-3.061180071636229,0.18110074308241872,3.2422808486282366,-3.412776453305135,0.1951756540652925,3.607952016644773,12238
-2.976464655854079,0.18447794540977266,3.1609425108382827,-3.6501400112050826,0.14532084697115738,3.795460928857854,12267
-3.017410914716542,0.18598909125701332,3.2034000503977444,-3.835349403651415,0.23214690664173226,4.067496173149716,12296
-3.5520499241522945,0.2140663669022599,3.766116229544138,-3.5273363695735425,0.20731559263921417,3.7346518862563953,12325
-2.6156067506481033,0.1943682712125936,2.8099750783766777,10.474987131304445,0.20019198518938722,-10.274795397193031,12354
0.1454662155553025,0.23691058001155496,0.09144437825666636,-2.10926306564196,0.15944876291055596,2.268711799013931,12383
-2.330851229969433,0.19311848575251367,2.523969732282443,-2.9159893082306447,0.1824638653645473,3.0984532179030695,12412
-2.9426637074387454,0.20615969077491972,3.14882339847653,-3.4848049509841785,0.20850575708709987,3.693310695411885,12441
-3.6463143591581133,0.2060954307905237,3.852409812817894,-3.8094874356700257,0.2080615094277711,4.017549160307488,12470
0.5880081238268229,0.272561675132701,-0.31544636884887006,-1.5984460674555956,0.2136786089534253,1.812124674299122,12499
-2.0429571889332663,0.20979329769508842,2.252750470330723,-2.3403308708055883,0.1912742610526296,2.5316051381879148,12528
-2.6972670463111985,0.20407346998317766,2.9013405056483426,-3.102355746041357,0.2006838595972652,3.303039618298016,12557
-3.1194121125251746,0.22016313543919033,3.3395752785881405,-2.7472370113946694,0.20888366741416728,2.956120583863385,12586
-0.7288473024389316,0.22534730994320232,0.9541946303883881,-2.5380911025325807,0.1594413234069284,2.697532282466382,12615
-2.7819481868596694,0.18477580776025337,2.9667240130204746,-3.148408693549907,0.18687270594909128,3.3352813720703125,12644
-3.3585723369097895,0.20677043216625413,3.565342786425135,-2.9163935268874717,0.1837617169439265,3.100155315567962,12673
-3.6695845668607667,0.20133156418931786,3.8709160742712387,13.024712300933567,0.20512784476828785,-12.819584399198009,12702
1.8307670180037896,0.32887022379609165,-1.5018968823989145,-1.6620319965666375,0.20340770746754333,1.8654396597263032,12731
-1.87648106830517,0.20094299184973738,2.0774240735610237,-2.462005680641242,0.19707230129073153,2.659077872217229,12760
-2.4800264714439755,0.22307149236231155,2.7030979585489865,-2.916376101232208,0.1905452340050081,3.106921305698631,12789
-0.7990378274150036,0.23242937243628792,1.031467164364513,-1.032526164983226,0.25275675385399204,1.2852828608149975,12818
-1.629031096561478,0.20273229883944713,1.8317633810747813,-2.282097031584883,0.15927491567831123,2.4413718839662266,12847
-2.550937981432039,0.18707707120144643,2.738015077079933,-3.1655715524622825,0.1752827990371569,3.3408544759834764,12876
-3.091666388537944,0.20417425808596373,3.2958406871051222,-3.4345305324655717,0.18406408866949842,3.618594481881741,12905
-3.7213797669163613,0.20837381340834377,3.9297536578698877,-3.772559912858811,0.20937344458250873,3.98193359375,12934
-1.9034443453627885,0.2232493229185733,2.1266937140198765,-3.348040502683251,0.16986499845454123,3.517905581313952,12963
-3.2258391743063797,0.1894803754287097,3.415319495322029,-3.8343254781402316,0.2126660895558585,4.046991533937708,12992
-0.0465487764846398,0.26716775484095595,0.31371640265316525,-2.3102873025742254,0.1940854059911407,2.50437285836819,13021
-2.4276217933263644,0.2019037547158827,2.6295255684142864,-3.0371943300804207,0.1840986424842767,3.2212929177073253,13050
-3.0244575632446526,0.20165396025845866,3.226111551892534,-3.428216172530588,0.18179366018919818,3.6100097251149403,13079
-1.0238052963421915,0.20600858912315495,1.229813893811311,-1.7014947043055981,0.18201714068387462,1.8835117373846273,13108
-2.3783198938085857,0.19765443707248473,2.575974339292751,-3.0034398737206924,0.19359445360909522,3.197034346318878,13137
-3.314174014389055,0.2136440717398529,3.5278180762714695,-3.8879862802218548,0.2383253848658199,4.1263119182755466,13166
-3.6928742930802385,0.23465178083821459,3.92752614384055,-3.308603862745572,0.2043782525357947,3.5129821912377284,13195
-1.3151385083613873,0.251034293442866,1.5661728884182797,0.3992646798095872,0.34426030859483026,-0.05500440207202878,13224
-1.8194929402087463,0.2513729913494947,2.070865920255045,-2.576422381190072,0.20588725858030066,2.782309574363506,13253
-2.802245290960209,0.2173536591387899,3.0195989556191645,-3.373491683892444,0.20879842749739116,3.582289906729639,13282
-3.584247984197463,0.222226313219838,3.806474267187823,-4.067846441690901,0.2216920008701561,4.289538425681865,13311
-4.1025845938769825,0.2215420745042088,4.324126587418763,-4.519450082188159,0.22549938311619042,4.744949745920907,13340
3.7732937088874894,0.28475771349872225,-3.4885359493873875,0.4689163887395268,0.1780166246194755,-0.290899772559647,13369
-0.21290248625859404,0.1434999111600327,0.35640239728719425,-0.9981358979655578,0.14014070434907897,1.1382765980948388,13398
1.5752839002483077,0.23071136390492566,-1.3445725243830233,2.84614961759179,0.7118549431319785,-2.1342945605252694,13427
0.7649149742909802,0.3226019305720219,-0.44231304102459185,-0.015475807991703,0.24848528245909024,0.26396105352756194,13456
-0.4592072557588134,0.2557471455654998,0.7149544067130462,-1.1187961133180466,0.23996544517247023,1.358761542666275,13485
-1.5020869854661043,0.26561009423866816,1.7676970577555429,-2.0495168846265406,0.2552750279418135,2.30479188091987,13514
-2.3249141577191756,0.25144856189025405,2.5763627486560154,-2.8801187793765446,0.21272060512441449,3.0928391988298536,13543
-3.1861202443447767,0.2394237907350786,3.4255440279824994,-3.6496962192839226,0.24478411885489404,3.8944806124256774,13572
-1.3094542763856174,0.2898130769109253,1.5992673161011415,-1.8150643458408593,0.2252879817928888,2.0403523740515244,13601
-2.364410261860756,0.22688513921929038,2.5912954231607084,-2.8003300502236965,0.2186792508690758,3.019009277883884,13630
-3.0950797008968634,0.24377458282184705,3.3388542419231713,-3.446271799306954,0.2436069513844178,3.6898787506913715,13659
-3.7032668117388607,0.2593491931734432,3.96261601726696,-4.068038607065657,0.23729812782422632,4.3053367412195795,13688
-0.3275838292551934,0.29360550582868916,0.621189358741735,-2.1923849097395367,0.2299309494221105,2.422315918238817,13717
-2.4615743320595467,0.2291012688271923,2.6906756029896592,-2.69520214384636,0.21928621182399513,2.914488395758435,13746
-3.207551869431299,0.23614005427376306,3.4436918593031307,-3.508640095195939,0.22617080570322223,3.734810820723002,13775
0.5358186945762761,0.5114047813836111,-0.024413945262198148,-1.3803661270479186,0.30332326889038086,1.6836893537403208,13804
-1.524276798851829,0.31560291607824154,1.8398797057297946,-2.201660907374019,0.26497020130663845,2.4666310538232854,13833
-2.464459592741406,0.28061879745786217,2.745078342357833,-1.2262366556488307,0.2417107556773498,1.467947461963755,13862
-2.9588119097817955,0.234480372337417,3.1932923128744206,-3.5346914603646877,0.20348979730521682,3.7381812576699045,13891
-3.754843810164547,0.2369527362015965,3.9917965923675234,-4.093972252533499,0.2351739026803886,4.329146123565404,13920
0.0721726458285583,0.3481613735379826,0.27598871390901036,-2.197533563175033,0.1966310222591974,2.3941644989283737,13949
-1.9574937727117485,0.22187643618935918,2.179370224015847,-2.5166130508996742,0.20225408857902594,2.718867006555068,13978
-2.860778688201568,0.23428480286056705,3.09506359331663,-3.1264993300480124,0.23138941916744266,3.3578886184017214,14007
-0.5931324711708145,0.24711922747560477,0.8402514852000177,5.09890888011561,0.502943604393343,-4.595965225084693,14036
0.6831045814491028,0.4861267873444394,-0.19697777018394597,-0.9633240414931711,0.19245490563654266,1.1557789692836524,14065
-1.4244521053255328,0.24376860842552311,1.668220734517393,-2.0094806578307027,0.20972279531765828,2.2192033413237175,14094
-2.404343802453139,0.23475603389634844,2.6390998066457394,-2.9314239088412934,0.2125745916788557,3.1439985427181276,14123
-3.109088321242075,0.23839071488301572,3.347479032707845,-3.5304326757920528,0.22829866198311866,3.7587312681485066,14152
-3.5671232459037805,0.2376497746039646,3.804772987912482,-2.733529588817495,0.2221520369031788,2.9556817586443067,14181
-3.3020973300197816,0.23319543945749907,3.535292746345158,-3.70925768286781,0.20113504671417506,3.910392693713703,14210
-4.029699143658925,0.23487394647272314,4.264573018369496,-4.48500288482261,0.23754596710205078,4.7225491684095,14239
-1.6124901511309033,0.2714949663576507,1.8839851303689403,-3.3648529559110116,0.18316844923306355,3.548021299649129,14268
-3.4201593241328836,0.20907402879742304,3.6292333634449077,-3.9554042394182325,0.21279248094136735,4.168196416534154,14297
-3.886675315234469,0.2446679392092283,4.1313432821759575,41.6430815975223,0.24867343691597998,-41.394408099419245,14326
6.936991275605451,0.8087930043187925,-6.128198478555732,1.586204475006171,0.22763503547263356,-1.3585695081052527,14355
0.14820955994373644,0.20792782477533409,0.059718276594807586,-1.1426584045443915,0.19317909679581632,1.335837524549096,14384
-1.5928111026410625,0.21833597075978609,1.8111470631491127,-2.2994528977216873,0.236407482518559,2.535860449866911,14413
-2.5051728885255287,0.2636357641798396,2.768808640350712,-2.507808932160909,0.24744905201734696,2.7552580369257296,14442
-2.3165762766193527,0.24712073894950756,2.563696952744119,-3.0195200569861758,0.2100056335989353,3.229525642057436,14471
-2.7332236843046043,0.24573803946885148,2.9789617250220646,-2.1479390216084706,0.2799319735670512,2.427870995175522,14500
-3.3427284134525186,0.26450894173345596,3.6072374362798354,-3.825173681816169,0.23031349730702627,4.055487371123998,14529
-2.68960313917915,0.27472801639594735,2.964331141117521,-3.248098253148847,0.24878538182351442,3.496883763676196,14558
-2.7121958607744094,0.23643683362033427,2.948632706092237,-2.990100837386815,0.21409598283008135,3.204196558589429,14587
-3.384147270774631,0.21229624117353918,3.5964435148396854,-3.681194600805772,0.21178153130860455,3.8929761363341746,14616
-0.31777888175013835,0.2848212816223683,0.6026000842501337,-1.914943072648175,0.42428079959565557,2.3392239460902933,14645
-1.6357563178095034,0.24640061022034027,1.8821569272412486,-2.044361983780312,0.2391038869334533,2.283465765218819,14674
-2.3624438561310184,0.24342024549759736,2.6058640695590825,-2.9376282797450513,0.23267813910425236,3.1703063829810216,14703
-3.118468305899001,0.24007323374427533,3.3585415916905514,-3.0400197569247895,0.24265232128379619,3.28267197060374,14732
0.3229222475759512,0.29051816029743166,-0.03240409930459457,0.4079865008856343,0.42795445011780325,0.01996794211126007,14761
-0.986181928409631,0.20582111431193326,1.192003058493466,-1.8289050823819322,0.18321904038960954,2.012124221936791,14790
-2.1499074730352636,0.22188262035197434,2.3717900710437108,-2.74323511545637,0.22774256014190944,2.9709778169615078,14819
-2.961920691167375,0.2485508303658045,3.2104714970867323,-3.406396283512622,0.23526047605328856,3.6416567236976287,14848
-3.5716785472440877,0.24745823819161514,3.8191368624551556,-3.798999246242827,0.22629360182095418,4.025292793206409,14877
-3.864298045043777,0.24357760741140247,4.107875596859226,-3.9191463689888475,0.22445322981977886,4.143599653665999,14906
-3.884228744212427,0.24486885496642125,4.129097615739345,-4.4536568633223,0.22915857028117223,4.68281528169075,14935
-2.4492266633873343,0.2496110643809528,2.6988376913943393,-0.45026724080068875,0.26626475300409097,0.7165319814091236,14964
-2.8700782947792636,0.22067923267200473,3.0907574793469683,-3.6034382507864353,0.20772533712133898,3.81116343810495,14993
-3.1197464190086692,0.24467209628819106,3.3644185071480446,-3.4356891433749577,0.21503114700317383,3.6507202418504563,15022
-3.6223589603798394,0.19576071352259458,3.818119658919127,-4.159933432013587,0.20523730421488265,4.365170706689885,15051
0.5897530588057496,0.22997882452925877,-0.35977407379739207,-2.1628204362582317,0.17567993265337647,2.3385005039451396,15080
-2.405532494006635,0.21235152589446785,2.617883985071487,-2.9057935697842487,0.2171935908562314,3.1229871226622996,15109
-2.9967713637283646,0.22835706981040677,3.225128363090944,-2.368142096342239,0.22346951898220366,2.5916115414779797,15138
-2.716044070702272,0.2252939530743785,2.9413380575548063,-3.373358789798433,0.22984034825215297,3.603199106402102,15167
-3.0070551745552474,0.22167381509530637,3.228728938917604,-3.6965639274732203,0.21070253743534595,3.9072663973918003,15196
-3.8580394051435105,0.22764835152631294,4.0856877614013944,-4.156706244544646,0.22517505367245294,4.381881308766593,15225
-0.8339339796014237,0.32221608598282214,1.1561500008865913,-0.0714917183252035,0.5251551687189963,0.5966468996706262,15254
-1.956517110717336,0.23176561011763366,2.1882827005943626,-2.80909500712842,0.19507681163011398,3.0041716584062153,15283
-3.1626077342322536,0.23460544404279043,3.3972131882639154,-3.6507087218022978,0.23365400111780757,3.884362684941925,15312
-3.839947037029161,0.25551475737297286,4.095461642466149,-4.121091420671581,0.24370410801035114,4.364795583539305,15341
-4.122249095941983,0.2543237390696937,4.376572778232831,-4.494212188551911,0.23145138056932296,4.725663649297394,15370
-1.312300691531012,0.2484457035443223,1.5607461897777486,-1.6280439532963575,0.4189315601787736,2.0469754987058386,15399
0.2925677144409146,0.3950032638478305,0.10243558936239998,-1.6681271759809646,0.21326703096913024,1.8813941753016108,15428
-1.9770373905112488,0.26983289892118845,2.2468702869352195,-2.4740255490868495,0.23506453184954887,2.7090901062551853,15457
-2.6650221295235834,0.24449845290893757,2.9095205393226564,-3.129175627126103,0.2378114155963459,3.3669871777559806,15486
-3.2415673622354255,0.25545806001539134,3.497025421462222,-3.2453330407100442,0.2452372534085164,3.490570135876141,15515
-2.9187836997301337,0.25142504414492167,3.170208730140358,-2.3912299249024516,0.2492742221967309,2.640504009955752,15544
-2.4692190952574404,0.22199868551294227,2.691217786290548,-3.376179372314858,0.2001646683279392,3.5763439077191648,15573
-3.699390933952626,0.22796862785187946,3.927359529472107,-4.159441167274408,0.2389962820880181,4.3984374324832345,15602
-4.084285046589019,0.25174899506069465,4.3360340492728,-4.429439886481361,0.23663513639331918,4.666074837203574,15631
-4.2876043498450365,0.2444282540149962,4.532032614374634,-3.7937051047266057,0.2472076479312593,4.040912729448976,15660
-2.4350804688517815,0.2650259148325389,2.700106371592529,-3.9503200497247475,0.1933933211638864,4.143713351899543,15689
-4.087911879214588,0.23001695362709323,4.317928839939038,-4.256084416819885,0.230477896411862,4.486562138110136,15718
-4.471681421883446,0.2498455097551777,4.721527011286726,-4.613370422768382,0.24083116835197516,4.854201460306624,15747
1.1507948646866106,0.40989635140525205,-0.7408986401794501,-1.5727516824165277,0.15418182221134152,1.7269334708694863,15776
-2.440278581642395,0.2310466966134842,2.6713253218914734,-3.1148240144273878,0.2260919461208107,3.3409161187906182,15805
-3.367649149868428,0.24850428301549404,3.6161534478672284,-3.842271357510997,0.24317619441884808,4.085447733381153,15834
-3.8059935522447477,0.24882186076869775,4.05481540801901,-4.12293198256366,0.2298412744977833,4.352773345677199,15863
-4.116561823669316,0.24661671918177158,4.363178543376818,-4.0533442581649375,0.23439291937161336,4.287737213404832,15892
-4.034373101483632,0.24657222217866842,4.280945406727649,-3.8046918632709876,0.23124830912699743,4.035940119650512,15921
-2.8359778374269227,0.3638202578913679,3.199798151965704,-2.956654772294306,0.31455470397409085,3.2712095142465776,15950
-3.52352577487321,0.21114081348053282,3.7346665015425677,5.900159012954847,0.2197733558384718,-5.680385690874758,15979
1.8041989522048631,0.34551965204594287,-1.4586793508918703,-1.8711943542007852,0.14140529337182509,2.0125996412429132,16008
-2.3820240784111992,0.2236408430265618,2.6056648977799086,-2.9644930151711524,0.2212138070469409,3.185706687184562,16037
-3.108616620466491,0.24161921236191722,3.3502357886670837,-3.136155031423653,0.22782017910375005,3.3639753223520463,16066
-3.4721612267877986,0.2380894878601949,3.7102506778468896,-3.6373751901947293,0.23057881920738557,3.8679540853584764,16095
-3.27681683836856,0.22923696054250428,3.5060537899736532,-4.1239966291241945,0.2011325760225279,4.3251292811030835,16124
-4.208391189575195,0.236752942615202,4.445144106561057,-4.467550649052173,0.23885553706008777,4.706405977232266,16153
-1.1243526964492545,0.25043993327425756,1.3747926362951377,-3.2573664251681977,0.17579765657408047,3.433164140819448,16182
-3.313786453554097,0.2110725361299357,3.524858985741057,-3.6591637746422694,0.2128307608376562,3.8719946262055793,16211
-3.6168874432522773,0.21910271229265543,3.8359901529162825,-3.7078838812566435,0.21801511587294858,3.9258989317227253,16240
-3.890398564648865,0.23628681155523365,4.1266853938160555,4.641562343698688,0.2491720165826578,-4.392390293357646,16269
-2.5597226159706663,0.2198853352104027,2.779607957884127,-3.91541842654743,0.17864123065914728,4.094059766921322,16298
-4.098613012191874,0.2227444730230834,4.321357546199643,-4.47780669051989,0.22656625983989345,4.7043729123816025,16327
-4.4627986390640615,0.24783542269251443,4.710634023378282,-4.137514384446946,0.22346654824451007,4.360981021307211,16356
-4.1267304233837026,0.22169073966004227,4.348421176712726,-4.55658990302972,0.21713318233996365,4.773723028402413,16385
-1.2095100227763924,0.2767060269594455,1.4862160099117863,-3.296615461332608,0.1547968893979503,3.4514124372364146,16414
-3.4369309327042483,0.207034158338654,3.6439651438787726,-3.9805397016812214,0.20598564316741133,4.186525260452676,16443
-4.093135531971184,0.24035279622020111,4.333488319253974,-4.281208781014501,0.24608954919123016,4.527298446250173,16472
2.199521822203875,0.33267759120188317,-1.8668441435993703,-1.919052712685239,0.18825915851424227,2.1073119577053374,16501
-2.2165617279075867,0.24110649964775246,2.4576682245323913,-2.7295582231167144,0.20428761760745429,2.933845790086594,16530
-2.9968355264527005,0.22825373336262056,3.225089231951628,-3.4414422237767583,0.22468344933163803,3.6661258123617255,16559
-3.159023617173503,0.22374612809279,3.382769756043759,-3.448445879252611,0.20005609292899612,3.6485020460280695,16588
-3.0604689870411663,0.22009842792708662,3.280567350040591,-3.6562748841479817,0.19998684182631232,3.8562616668971237,16617
-3.8159691832688574,0.2209888366774924,4.036958015214779,-4.084806041379945,0.21637350057078675,4.301179396367706,16646
0.6086986609041494,0.3029503296596607,-0.30574820664646607,2.8650721744098493,1.07707158654137,-1.7880007482207982,16675
1.4871295154291846,0.363181298728026,-1.1239482213012963,-0.7696734044404157,0.15017361978514004,0.9198470664235343,16704
-1.677867122495582,0.2419651897897268,1.9198323053193855,-2.4930399076073573,0.2345725709358148,2.7276125207411503,16733
-3.049653041454765,0.2596479497907443,3.3093010041258957,-4.028568339558829,0.23459159167466964,4.2631598953652174,16762
-3.6503515235644324,0.24907342181053288,3.899425022920148,-4.073629881428406,0.2185184407023202,4.2921482187456785,16791
-3.614707382931862,0.25080809808750004,3.8655155270207415,-3.6993328575539377,0.24764077220342856,3.9469736825048396,16820
-3.9367993369517804,0.23820902310237863,4.175008325881706,-4.324080610697249,0.2172811136836499,4.541361850974834,16849
-3.474185253911402,0.24567962560264647,3.719864882076983,-3.907161552294166,0.22848299330314703,4.135644693290238,16878
-3.4721721490925175,0.22372421066973938,3.695896380002864,-3.9868048018058846,0.20620513595310988,4.193010245804238,16907
-4.313717180733644,0.23454425484763486,4.5482614552961556,-4.767292870884448,0.24718574085066805,5.0144786328341056,16936
3.751559344556721,0.5986971350462723,-3.1528621105006933,-0.13996689773238866,0.17879305898615744,0.31875996041086924,16965
-1.1892139380664257,0.24521355513306672,1.4344275073942039,-1.935728172285367,0.26702392839752465,2.2027520036275408,16994
-2.4160707063948306,0.26418375364343544,2.6802544409805518,-2.6469062935989514,0.23509279816551545,2.881999091764467,17023
-3.267296848118371,0.2507355142191726,3.518032406236003,-2.1233577179697765,0.25311371499458246,2.376471426634662,17052
-2.43517270266944,0.2258776240995464,2.661050342278023,-3.501972690092779,0.20238575471186004,3.7043584637937292,17081
-3.7965063131368146,0.24012273885186478,4.036629072229286,-4.23059188370156,0.22083792222284637,4.4514297215284495,17110
0.6330073197857942,0.8748878402247319,0.2418804605057116,3.5614513443634572,2.991169921064799,-0.5702814000897702,17139
0.7459033953709797,1.2837443383289409,0.5378409252145718,-1.0136440855211917,0.3702735056919334,1.3839174625092903,17168
-1.5009508146077821,0.33789667352426145,1.8388474747259274,-2.3687135772367496,0.2623356549085769,2.631049367178858,17197
-2.187656297704745,0.26934351915824245,2.4569997976738405,-2.7931778325443775,0.19753738420199504,2.9907150268554688,17226
-3.06507039937584,0.240677606967476,3.305748095191695,-3.703139549863022,0.22805091765074603,3.9311904907226562,17255
-2.553926219225193,0.236656785142724,2.7905829933275856,-1.4195085542391888,0.20097435681165848,1.6204829258201396,17284
-2.8200999373506423,0.1728905145625164,2.992990424378047,-3.5178533444362405,0.16464724582908427,3.682500586045527,17313
-3.802433040465383,0.21640544715763585,4.018838434524284,-4.271810333285711,0.2224351979989921,4.4942457486042935,17342
-4.134752812958605,0.23787351558857742,4.372626261516601,-4.520999250158799,0.2236053774842119,4.744604802764623,17371
-4.016317790503539,0.2203028262515841,4.236620697980416,-4.2083859612456465,0.2147806260438092,4.423166730762583,17400
-3.8797385214182087,0.22687893271314796,4.1066175080186875,-4.071024527591941,0.2162218494752867,4.287246299000968,17429
-4.014910984985621,0.20695898577554486,4.221870031220122,-3.0011476352151516,0.2024871100366643,3.2036347515815127,17458
-3.82152222483003,0.21537043622467983,4.036892706924657,-3.7620648704798874,0.210679986835581,3.972744967030213,17487
-4.1053030929859835,0.2266107236405849,4.331913789288606,-4.792536056147212,0.21479317150284757,5.007329079957135,17516
-4.204783017474997,0.22738263388847174,4.432165627442752,-3.932737202770942,0.21827055500671927,4.1510077957558424,17545
-3.3922284984798914,0.21657044122605498,3.608798935500106,-4.338208679604319,0.181513121697755,4.519721714796218,17574
-4.075268703626824,0.22414957911860456,4.2994182044116505,-4.47533090979652,0.20999698723311974,4.68532791812863,17603
-2.130659037940163,0.24171230785113318,2.372371353940112,-3.641750977102634,0.18337648526757164,3.8251275931839395,17632
-3.9540641746815406,0.2024548458553596,4.156519081258721,-4.48675777637853,0.23552431258480105,4.722281869533843,17661
2.1820794376806494,0.27445095192636915,-1.9076285819628798,4.000868160112769,1.022094000757268,-2.978774247971256,17690
4.117920873084957,0.6852234061786858,-3.43269741232892,0.45932697142119955,0.31374598815377835,-0.14558096902560344,17719
-0.9648507372152714,0.27506869630487646,1.2399194462691017,-2.448412072342054,0.20914182409775994,2.6575538837804205,17748
-2.786999390169962,0.228061610309134,3.0150609715639427,-3.591291275699582,0.2256005928579685,3.8168918305793693,17777
-3.0826726906091926,0.24422175198169108,3.3268943900178787,-3.5256913510044066,0.21673535878679392,3.7424267119010994,17806
-3.8302321878262893,0.21494205389685248,4.0451743221598395,-4.3229127225622666,0.2277562259572797,4.550669037135301,17835
-0.30180081311108126,0.29314847765315855,0.5949493695251734,-1.3295584400143243,0.3468673714494283,1.6764257650459762,17864
-1.1301999925384185,0.3159612960037349,1.4461613079941653,-1.8257788198184124,0.2784471891622628,2.1042259688925955,17893
-2.524965406121335,0.26375041197258425,2.7887158546321578,-3.505840664416288,0.22546725779508067,3.7313080509152035,17922
-3.6301735895865543,0.2361052832766431,3.86627889546959,-4.290034201292865,0.21687457413799996,4.506908653056727,17951
-3.255797539156879,0.22829013359717523,3.484087722172679,-2.7175318371933117,0.2034314923581824,2.9209629835280695,17980
-3.386513131456049,0.1888392252853713,3.575352291288029,-4.111179035321801,0.19535335819278143,4.306532328107716,18009
-2.3166592086951816,0.2370660825495946,2.5537252894047207,-2.680324026968627,0.2181514786408011,2.8984756132142735,18038
-3.0728456790024024,0.21542506706885492,3.2882707505399624,-3.6272130392294013,0.20783750778805893,3.835050734798465,18067
-0.9264825377469552,0.23060207514147774,1.157084649032374,5.838082705978799,0.28261857750141517,-5.555464482940404,18096
-0.7416661049197238,0.24605060438599843,0.987716718966012,-1.7693825970708796,0.2104536832961361,1.9798363879718612,18125
-2.2993236392440712,0.21540014772720084,2.514723806160419,-2.546594459398658,0.19618338188238904,2.7427777990830684,18154
-3.150178069447998,0.19807220215045632,3.3482503102396133,-3.761947952540575,0.1817738313590531,3.943721804998617,18183
-3.859413162744558,0.1993680179053394,4.058781233748633,-4.334649896199724,0.2083372057011697,4.542987182077053,18212
-3.3050801188837995,0.2232349729853402,3.528315130904596,-2.8892965485564375,0.22004438501543702,3.109340870274907,18241
-3.689504128175376,0.20302225736430882,3.8925264226036536,-4.202837024114828,0.1963505322954296,4.399187476234099,18270
-4.468206566513045,0.20801220786610933,4.676218712080143,-4.53695145328488,0.20231198209576903,4.739263348874792,18299
-1.4502285842464409,0.24032427589054803,1.6905528500166853,-2.029803934350478,0.38896116324230634,2.4187651777689436,18328
-1.9268623208000746,0.23312355927884776,2.1599859029481796,-2.2245888034854313,0.2226678565540145,2.4472565777533877,18357
-2.6285520328050676,0.20318563402421946,2.831737661309121,-3.2875987280786565,0.182059992731145,3.469658640633642,18386
-3.5751551243804123,0.21081896837648773,3.785974189228365,-3.763647210281507,0.21052854462007506,3.9741757823302684,18415
-4.001874244857124,0.21738335421224675,4.219257531381626,-3.9244685974796263,0.1952585161259744,4.11972707562742,18444
-4.047296538505428,0.2102520226643656,4.257548659218449,-4.194480364301564,0.19872155864681817,4.393202249982716,18473
-4.432353221331831,0.18895804054024726,4.621311292890152,-3.8517367101348605,0.20036337860917622,4.0521003250527174,18502
-2.9207164347500365,0.21470551348836578,3.135421928523525,-3.9640386041286773,0.1964667708472868,4.1605055142292935,18531
-4.302433213167705,0.20338373134259746,4.505816946481791,-4.706824463025659,0.2028411384177419,4.909665673179964,18560
-3.214599421689371,0.21173302315035886,3.426332366505952,-3.430807322527455,0.182501908952156,3.613309404491323,18589
-3.7807603770869043,0.18903252387125674,3.9697928759859837,-4.458251611321374,0.1799008002323387,4.638152536037749,18618
-4.544138538272273,0.21364040148691937,4.75777897104013,-4.2841186101457716,0.20696849316622304,4.491087044234824,18647
-4.150587956198258,0.2021283957503465,4.352716372320644,-4.2862420082092285,0.17716654423063835,4.463408478593404,18676
-3.786020939773341,0.20653250343612956,3.992553345029383,-4.095088351089342,0.19140495030225907,4.286493487062708,18705
0.43365306260173087,0.23384508671282145,-0.19980805763993267,2.192714320874847,0.5457458327301835,-1.6469685377272885,18734
-0.17550051232025668,0.23849983436138653,0.41400033452413576,-1.1342250657292594,0.21068544725401211,1.3449104781699392,18763
-1.6377207573088421,0.21949536916045134,1.857216125286401,-2.275345654614204,0.2016275161135513,2.476973204486138,18792
-2.559557893704685,0.21124844829723355,2.7708063325387773,-3.039921163457685,0.20314056261450844,3.2430617070831027,18821
-3.292338694863703,0.21531863459678574,3.507657363370077,-3.631439808195671,0.20281928619452283,3.8342592357534224,18850
-3.3717625318577693,0.20306114666780012,3.574823701263394,-3.8413850649268224,0.1829649431515584,4.02435032667312,18879
-1.6264666480555423,0.20180745017042234,1.8282740092461531,-3.003517068592848,0.17405330818311304,3.1775703092591954,18908
-3.3830480980373663,0.1980533179269473,3.5811014354163255,-3.955458189533875,0.19650972205980688,4.151967749131464,18937
-4.170925338055359,0.2113020162466737,4.382227454979338,-4.585875574466401,0.1969461356644082,4.782821385206375,18966
-4.540786559158544,0.2171771350217102,4.757963683139923,-4.85496857735963,0.19902172763790704,5.053990254359963,18995
-4.281554841416936,0.19649015529678832,4.478045168101722,-4.641907430328099,0.18809124431778898,4.829998725283462,19024
-4.418606289692199,0.20730567215033113,4.625911843027538,-4.977102304981873,0.20092269593635492,5.178024967159845,19053
-3.67637567194189,0.21686556925452924,3.8932414028584104,-1.8728914862185453,0.22914190629942227,2.102033463199582,19082
-2.079221031500197,0.22273580794034745,2.3019568581039613,-3.199221526626992,0.1833242779284452,3.382545741258469,19111
-3.4050887556296856,0.19287195331863688,3.5979606981708563,-3.7583488152090427,0.1898453467715103,3.948194183079542,19140
-4.12748137067145,0.18739120568566706,4.31487255664224,-4.536333569383199,0.1862209813784709,4.7225545022339945,19169
-3.7591510221214253,0.21715428311349014,3.9763052855200383,-4.6685499638582755,0.18977063736029431,4.858320523152309,19198
-4.5442869050763015,0.19891862411877548,4.7432054942340285,-4.749006592066942,0.19509178769271984,4.944098278484513,19227
-4.023289516453181,0.2164538642668803,4.239743345233282,0.13487575315268693,0.30927163731735363,0.17439582284572905,19256
-2.3158937767558743,0.31288524525693917,2.628779044356341,-3.4189729268571973,0.24044147845918099,3.6594143757777933,19285
-3.7073648183585,0.21159363160979788,3.9189583926637224,-4.290410611481793,0.19353520764713794,4.483945863436809,19314
-4.505077242719825,0.20501493487626216,4.710092218603031,-4.906113244790946,0.20819944407032653,5.11431310873116,19343
-3.2439617816247908,0.23763120542418997,3.4815929585281253,-3.7845005524896944,0.189145322394582,3.973645910752558,19372
-4.0476209725671195,0.18972810626424266,4.237349063322326,-4.441284078412352,0.18130923583444242,4.622593297367603,19401
-4.688071423354985,0.21393390895250483,4.9020052723742635,-5.032028620221974,0.20519877113072219,5.237227245769669,19430
-1.5390314263966276,0.2889920059086338,1.8280234910555948,-1.0656157383876563,0.4485701628490887,1.514185880137756,19459
-2.525240528281232,0.25494802563298236,2.780188521581816,-3.223779819707955,0.18347567794597255,3.407255324642215,19488
-3.639730288937704,0.19903884517581355,3.838769115712966,-4.109581677259597,0.18335776413436486,4.292939582757191,19517
-4.347537630053838,0.21613328748658842,4.563670998502856,-4.767877886780595,0.21010306662162848,4.977981027248687,19546
-1.2362747081979502,0.23461744645990373,1.47089206607234,-2.603317513930059,0.16329367814865786,2.7666110823639727,19575
-3.2791806381881696,0.18697297612519354,3.466153591706971,-3.929376686568809,0.19286263938498707,4.122239441998237,19604
-4.171642447516831,0.21275901189844032,4.384401458100947,-4.61612846577062,0.20898092531524928,4.825109431173949,19633
-4.751311531403362,0.22373430810400513,4.97504581506092,-4.918956051885554,0.21393171031918146,5.132887848710592,19662
-4.6631725021076305,0.22323758704659694,4.88641020954641,-4.854384983535361,0.18611940240438005,5.040504050465811,19691
-3.9880019527548862,0.21272785056386526,4.200729740231145,-4.0544843125132335,0.19227915105566515,4.246763448799606,19720
-4.481268416428907,0.20039903499851416,4.681667428821029,-4.954300032252759,0.19478087298637997,5.149080867260958,19749
-3.9274103107894005,0.22053830061095553,4.147948655167383,-3.3774545720193236,0.20595997835682556,3.583414533496958,19778
-4.528618395657103,0.2117860477577891,4.740404349834943,-4.9404470899463755,0.19926148178303135,5.139708527421529,19807
-4.896644234000125,0.21592107418485093,5.112565310813626,0.076599513534951,0.2332430033557183,0.15664350037026195,19836
-0.02501265900137669,0.30163617670338894,0.3266489066783228,-2.9171247524497783,0.2302570068730717,3.1473818753672913,19865
-3.374513192897069,0.20792834077938127,3.5824415928210813,-3.9076988380567164,0.20305785879624627,4.110756595577814,19894
-4.213022482566035,0.21754710650628037,4.430569536236445,-4.334359076170795,0.2145361204062943,4.548894966598105,19923
-4.587375053628671,0.2130918243885566,4.8004668970749425,-5.0077812186384625,0.22044512444892816,5.228226518209001,19952
-4.874408750313251,0.23210341402030701,5.106512101245952,-4.949728590197267,0.22562834857839398,5.175356974643943,19981
-3.8557128780074787,0.22342597583951604,4.079138817308756,6.186163387467376,0.3777461178534854,-5.808417531241358,20010
-1.082010504692103,0.45869024270424635,1.540700735830288,-2.815735373876791,0.3130783908135068,3.128813785789287,20039
-3.3203746481267724,0.2730829066452144,3.5934575300626745,-3.966291174424433,0.22621069123259688,4.1925015744909775,20068
-4.184454169793849,0.24475337494300245,4.429207638842531,-4.615415294613459,0.22304249442784133,4.838457563282114,20097
-2.770890390596947,0.24836482155283598,3.0192551533994494,-3.3114345938758514,0.36386289005785916,3.6752972898230087,20126
-3.597199692878597,0.21672348466177102,3.8139231722830673,-4.254042140150492,0.19593762296490966,4.449980001533981,20155
-4.481988811703212,0.21456814364272414,4.696556907241637,-4.974586132353386,0.21219366630621717,5.186779933693135,20184
-4.989309511741967,0.22438774087857516,5.213697263135143,-5.031617873537857,0.21409781844215056,5.245715791145257,20213
-3.386786132820912,0.22457220654240517,3.611358306110891,-4.392636906784193,0.1707388552944217,4.563375624935184,20242
-4.612993061082498,0.21317612454541596,4.826169237938053,-4.667024595547566,0.22397509296383478,4.89099965053322,20271
-2.865512904153506,0.23011198459149984,3.095624750215137,12.158879085979631,0.4725760527416668,-11.68630319781008,20300
0.8803764843888162,0.4755256512462107,-0.40485081408489104,-1.8531239475824137,0.2886321692340142,2.141756142135215,20329
-2.5903005163619643,0.2996841260327525,2.8899846902361515,-3.3221584716729358,0.2548673026329648,3.577025692019842,20358
-3.6198409718215925,0.24206695640757434,3.861907937955173,-3.2770597871425933,0.2265070307571276,3.5035667081849766,20387
-2.452071333667541,0.2383482611297641,2.690419547218735,-2.8065634849852166,0.27005016276266725,3.0766137047151547,20416
-3.032493474333657,0.18842572440386082,3.220919279962811,-3.781789125594418,0.19396307405117338,3.975752298810841,20445
-4.105013540850453,0.2200657438154126,4.32507927756851,-4.629419022956781,0.20391487864266455,4.833333783445105,20474
-4.815518261973624,0.22888694261637124,5.0444051454453644,-5.016711403838301,0.2219717418198037,5.2386832448233545,20503
7.126717841677786,0.6443672298465043,-6.482350634371958,1.1398897007503341,0.2780305221017483,-0.8618591612419196,20532
-0.3654835665764856,0.2941802862329283,0.6596638759415363,-1.6071758164768726,0.27988781971214094,1.8870635918811358,20561
-1.938082148773799,0.28415512355186184,2.222237285206047,-2.6598754224524033,0.2507544956376067,2.910629981386978,20590
-2.596265113340586,0.24730581064865634,2.8435709195205368,-2.643510976723865,0.21485291118115452,2.858363936432695,20619
-3.5201014257975687,0.21013435902117106,3.7302358305572545,-3.9842937942099783,0.21622382434068527,4.200517367472691,20648
-2.8133423875158914,0.24210253098308054,3.055444791535164,-3.4751163330753294,0.19049830985280264,3.6656147104448977,20677
-3.974210864259495,0.22183219889690226,4.196043125981139,-4.3459019998533535,0.20089377766161892,4.546795397733165,20706
-4.497309920543347,0.2222189997890687,4.719528955293464,-3.251563890845375,0.22475478290456585,3.476318426891766,20735
-4.035813573965559,0.20912577942950197,4.244939297273377,-4.838067329035396,0.1888436342762635,5.026910967531458,20764
-4.344300430428232,0.2300050973629347,4.574305537517174,-4.472724783737047,0.20348549100150048,4.676210319046426,20793
-3.0424237606149522,0.22743410049488946,3.2698578797732587,-3.2971649676297616,0.28249503447946195,3.579660263736691,20822
-2.8739062283504366,0.20828804869898887,3.0821943188449645,-3.0785871543715486,0.19403097059874408,3.272618116530697,20851
-3.5525421859673916,0.18684020431459672,3.7393823810817124,-4.183704270725757,0.16178878851696454,4.3454928102746475,20880
-4.4824845152101025,0.20589184103884797,4.68837634994019,-4.896567547215825,0.20240519954039987,5.098972489348555,20909
-4.722477110638771,0.22231362962144474,4.944790706613492,111.40031257561878,0.2225475458972222,-111.17776678304756,20938
12.687319292386022,0.9428316458583272,-11.744487724598608,4.735306486619257,0.23865572119181136,-4.496650628284016,20967
4.336164534420531,0.14538448779559318,-4.190780031904496,2.9415099198839307,0.13931895357317628,-2.8021908312772226,20996
1.6191814870726575,0.12477442244316278,-1.4944070433045695,-0.33085837511889704,0.0933940400064519,0.42425241723524787,21025
-1.0690988065652312,0.1199988376476536,1.1890976726023075,-1.9000915341672644,0.1341333916756959,2.034224923733061,21054
-2.2849260930058186,0.19923367468761372,2.4841597114403164,-2.8540112655774683,0.193549453684714,3.0475608353066233,21083
-1.7370242454776954,0.2535349626131068,1.990559177335594,-2.1336504337006965,0.27204138409774914,2.405691872655818,21112
-2.473207715590707,0.24498854740189085,2.718196162315293,-3.4056913072029045,0.2142987863152428,3.6199898508797705,21141
-3.886584492476273,0.2397175161157711,4.126301964167855,-4.435089048031157,0.2028921937520525,4.637981381036539,21170
-3.420549609300977,0.23030603970293173,3.6508556773933316,23.41339953599778,0.21832729229884865,-23.19507268044801,21199
1.8174125841328959,0.28694995787598465,-1.5304626236939771,0.07001182647932948,0.1739220133924906,0.10391021829790774,21228
-0.6727118962654862,0.19578462977130726,0.8684965391800449,-1.4979472603418131,0.19121053366534477,1.6891577729081686,21257
-2.0968387973347995,0.21986976400625613,2.316708570015601,-2.8501268931194743,0.20879302404623115,3.0589201260456997,21286
-2.9986938823018603,0.22316685953108714,3.221860763650745,-3.138199137375418,0.18900617456014177,3.3272052191000068,21315
-2.4743697088634824,0.2441108521184953,2.7184805591419225,-3.4860937025694723,0.18463938215137582,3.6707330889406458,21344
-3.7419175917679053,0.21703651458714998,3.958954046684694,-4.2755883731673245,0.2170284764956584,4.492617041663786,21373
4.15084546876716,1.2719339120480033,-2.878911640310235,16.88856994156289,7.055184760979847,-9.833385096187085,21402
14.593374895287191,6.121678157835837,-8.47169699873919,6.054320094859706,1.8803553961019601,-4.173965049000968,21431
3.6199642170093287,1.1390705014011169,-2.4808936692125347,1.3536028049688424,0.6854194961817919,-0.6681833436003829,21460
0.7617523938976023,0.5260536757430273,-0.23569871132008427,0.09579991885518606,0.4006529107557989,0.30485299625227935,21489
-0.2075590819876144,0.324820544780155,0.5323796314336237,-1.0342243878187332,0.28173287990873896,1.3159572635076742,21518
-0.3893662842920886,0.27971936691687943,0.669085643520166,-0.930979380565407,0.25845405274787836,1.1894335113795458,21547
-0.9910533486022445,0.2643336881744822,1.2553870338852113,7.026844775782222,0.24801367363043592,-6.778831144349765,21576
0.13303856392285263,0.24826889185290352,0.11523029875203293,-1.1971790790557861,0.23097377962770715,1.4281528101558179,21605
-1.1387289272253673,0.23621798139948566,1.3749469656665638,-1.6909961257360677,0.2546740105721803,1.9456702375833967,21634
-1.6174149384440766,0.24003325801962924,1.8574482014581413,-2.1081931907518774,0.22734592868163522,2.335539083565231,21663
-1.574832114127137,0.2649648618014671,1.8397970320502872,-1.8888296975498706,0.24985464273300845,2.1386843656016663,21692
-1.8445509262095476,0.26458123001006106,2.1091321421563296,-2.445742946810427,0.23336678901604846,2.679109961585661,21721
-0.16678238269906848,0.3237897285158605,0.49057202933247324,3.2650591314366433,0.47226822270756275,-2.792790843322214,21750
0.2921875511863923,0.3908941093852791,0.09870654075122064,-0.8688876386237355,0.2509936927694135,1.1198813851955718,21779
-1.5039707717979625,0.24364738217262344,1.747618183148604,-2.036809085744672,0.21081135336276705,2.2476203378322905,21808
4.105123782762488,0.8559343470496669,-3.2491892643248232,1.4046463132959552,0.4433494078374542,-0.9612968157877965,21837
0.5397694846892436,0.3517962030433899,-0.18797325351929586,-0.537227368987767,0.272473343705709,0.8097007211330718,21866
-0.3891660521482554,0.3497231892477454,0.7388892405088313,-0.9457643949880009,0.2911174318431753,1.2368818299960247,21895
-1.0451455457996508,0.3414335692467737,1.386579112943504,0.1431487448579442,1.170105132381473,1.0269563556772419,21924
-1.0763231939097093,0.528594436298526,1.604917641905729,-1.8730022084396498,0.30225739014887176,2.1752594466757986,21953
-2.1629594718213907,0.312919609338998,2.4758790320046287,-2.6964856185744295,0.28437365894824,2.98085909818126,21982
-0.8385822328737842,0.5457665412928067,1.3843488635407,3.5549751193122527,2.754091313454957,-0.800883791088003,22011
0.25808954360466674,1.038302617141404,0.7802130227052128,-1.3185394970716628,0.43694132408209607,1.7554807747359824,22040
-1.6831962959769016,0.3642630527143047,2.0474593089985875,-2.331176302074331,0.2878864592155524,2.6190626431355435,22069
-2.5413377503181636,0.28695280628141256,2.8282905713200175,-2.941413619876963,0.2642400117047065,3.2056536379113663,22098
-2.90153223861013,0.2859614768128148,3.187493737503607,-3.5073026766819235,0.2649249313151942,3.772227329490459,22127
0.18865672138323464,0.3929595395249069,0.2043028458739326,-0.724384643335258,0.5468748058892984,1.271259493532434,22156
-1.5696284437126993,0.33913539499537293,1.9087638707776053,-2.4293194007029575,0.2585392800052609,2.6878587165765,22185
-1.9463682763500276,0.2952282836182246,2.2415965857290248,-1.3967984155216049,0.3792940578629485,1.7760924280217263,22214
-2.3557779184381387,0.30795330880363825,2.663731245905194,-3.0476400493520552,0.261820928185387,3.3094611378897607,22243
-3.2380885751928226,0.27390892345298085,3.511997395339848,-3.7294377183492204,0.25533227160968613,3.9847701756300125,22272
-0.6092391215190867,0.5185013653293598,1.1277405561133809,-1.8319931283461308,0.38010648288558013,2.212099531055552,22301
-2.28134382940837,0.31907832188800783,2.600422170485525,-2.9270481134937927,0.2612452021742289,3.188293389514484,22330
-3.1260870656998705,0.27600790647319556,3.4020950334206175,-3.6250553679677235,0.25572632688336666,3.8807817307193724,22359
-3.5480535658612404,0.28879292954946434,3.836846525114453,-3.8382153764235234,0.2590960654537235,4.09731123932695,22388
-2.415676852176839,0.30311037187670925,2.7187872164304623,-3.492727904193169,0.2523263893296233,3.7450543293910745,22417
-3.6956721358945903,0.28730506881200757,3.98297732352159,5.933823965292062,0.26090811628156,-5.67291610852807,22446
7.638895402801077,1.6101470656011176,-6.028748522782667,1.7475133649015848,0.48577565218495056,-1.2617377559695624,22475
1.1293291431803425,0.4548633301008365,-0.6744657958618467,0.11185250292837093,0.3374976183460877,0.2256451075055958,22504
-0.3515145702425148,0.34852190816809875,0.7000364722332855,-0.9785990187552123,0.3321388421860416,1.3107378630511528,22533
-1.2072530419718732,0.3500830525205837,1.5573360954124846,-1.6047085407560906,0.3150618519403238,1.9197704011360102,22562
-1.7767931011309304,0.3393191928506029,2.116112270586546,-1.5847365518586825,0.3111815410377705,1.8959180443687778,22591
-2.1332082397488277,0.3278673144659108,2.4610755525061156,-2.5552729589749226,0.29944860829716236,2.854721474436532,22620
-2.487799272253337,0.3228658078918121,2.8106650801451494,-2.9214487054706675,0.29851877583866626,3.219967664870541,22649
-1.5984442575763842,0.32358788418796125,1.922032147021646,-2.669792354634378,0.2971430668788674,2.9669352843698147,22678
-2.7128111459191606,0.31815293421424606,3.030964091173738,-3.244222974355242,0.2929624287428054,3.5371853313614836,22707
-3.508546957501766,0.3227848323203763,3.8313318523840185,-3.9129059040440923,0.3115920556330048,4.224498107370022,22736
-2.5167707327050963,0.33347261490869157,2.8502433749517504,-1.5620821513960848,0.3232483779434609,1.8853305377791414,22765
-2.8099202018851352,0.3381067152980144,3.148026894313892,-3.306930284584518,0.3006641421697836,3.6075942453029937,22794
-3.7009734818270346,0.32074974074779034,4.021723262530309,-3.996130242811895,0.31108292014197964,4.307213234690439,22823
-3.9803090140207074,0.3240201938507181,4.30432930329143,10.929059197417402,0.3072349877484077,-10.621824146372028,22852
-1.3173639755921958,0.3725320591027576,1.6898961419438843,-2.6224315588453173,0.32550839196264214,2.9479399149396777,22881
-3.04438932806812,0.3284926732556428,3.3728820817604612,-3.6220807143017253,0.299872845675038,3.921953521998583,22910
-0.8256269030954767,0.36100903156705305,1.1866360278481818,-0.9534372566020595,0.42548406229609936,1.3789213568763394,22939
-1.8236474603118813,0.37855057889860544,2.2021980054323307,-2.433998240833789,0.2913005668505103,2.725298754936826,22968
-2.788082344660817,0.3273724100687012,3.1154547694499595,-3.4023932482289,0.2986616961723935,3.701054935961698,22997
-3.6586406364987676,0.3200198268680089,3.978660398439115,-4.06196821685386,0.30310354401580003,4.365071659594511,23026
-3.2862519581762144,0.32335570812751074,3.609607727025546,-3.6027880516727415,0.28803483574791294,3.890822891640452,23055
-4.004680312849589,0.31631587490094404,4.320996260301281,-4.4635851193318326,0.3008266676843694,4.764411588685703,23084
-2.9491423351367754,0.3230333675228905,3.2721757667987323,0.4338530006661879,0.41585094738850553,-0.01800207965141904,23113
-2.4271354746266525,0.38159283046028447,2.8087283074527223,-3.2079715686561787,0.30289457962576266,3.510865945731644,23142
-3.474985706503888,0.3192889004321451,3.7942745793352053,-3.901899304010172,0.3013960196908596,4.203295142249724,23171
-3.7983653676812152,0.3186972385730344,4.117062687479542,-2.0877066840112737,0.2999760534911029,2.3876825518312708,23200
-3.484840993975857,0.3088031519602783,3.7936441617080368,-4.291679483599367,0.2894533250184186,4.581132804397988,23229
