Training_Loss,Training_KL_Divergence,Training_Reconstruction,Validation_Loss,Validation_KL_Divergence,Validation_Reconstruction,Number of training samples processed
210.46597595172784,6.43329728030843,-204.03267682295257,11.8690932957472,3.5921694325134816,-8.276924335851078,907
9.965726203666106,2.0448045194346167,-7.920921948147977,7.514406993325832,0.8834995506084071,-6.630907784521052,1814
7.472945465668297,0.6773089731672765,-6.795636497758321,8.602084548072478,0.6386588105058248,-7.963426032952503,2721
9.764916395799327,0.4216078778743218,-9.34330870639923,10.026258434869547,0.31586660115064774,-9.710391964532633,3628
8.659997009521282,0.405857248106497,-8.25413971199616,5.888335274384085,0.4313002603243938,-5.45703523348918,4535
8.221093434351676,0.42098025213660056,-7.800113270011995,7.233187886465967,0.2925277642444172,-6.940660054704784,5442
11.83446404479173,0.6915586775429587,-11.142905373031802,11.47387906302393,0.4190716321489452,-11.054807004675402,6349
10.426060550399495,0.5552439694893531,-9.870816332765557,8.988408029606912,0.5131350745142034,-8.475272929773922,7256
8.001005506042345,0.47380415581027097,-7.527201432771693,6.808461438238093,0.3558484347520676,-6.452612952848451,8163
6.3198244164245,0.27918820922666504,-6.04063625819365,9.46138582820386,0.22230536958812613,-9.239081188640764,9070
6.507223778023347,0.25488658592745644,-6.252337118230818,4.588073029982305,0.24913296657325948,-4.338939970573493,9977
17.96432281986224,1.3034529459910198,-16.66086948483098,16.113963414082484,0.5204484863618833,-15.593515311722207,10884
13.643589549711285,0.6899410045922394,-12.953648484134359,10.63278244659964,0.6065172094159421,-10.026264967116635,11791
9.668970312015487,0.485540445216304,-9.183429772693504,8.369858336659659,0.3133307642641321,-8.056528007034707,12698
7.896034114021713,0.2786395757437541,-7.617394427348918,8.687037349802203,0.24512249600570812,-8.441914786279728,13605
8.879374072464982,0.32604700885507737,-8.553327045209352,8.027625704233625,0.41485727360818236,-7.612768730231091,14512
7.543870077375015,0.4098515032144734,-7.134018735033937,6.616753341877355,0.3357804560028346,-6.280972776159776,15419
12.32435427689894,0.412045095300727,-11.912308891658089,11.356179608707935,0.30975400874045045,-11.046425473373548,16326
11.10833691762064,0.4887713978545537,-10.61956529711941,10.521212687534568,0.4338877433169205,-10.087324564435841,17233
10.461178592442153,0.45701851313800246,-10.004159996764532,9.953730566311727,0.41904181083746717,-9.534688898947387,18140
9.873079040216112,0.4741620428638395,-9.398917016278554,9.365199359117357,0.4702826559016135,-8.89491690576604,19047
9.218348505215713,0.5113066023476462,-8.707041991716446,8.650412863334724,0.4561845644385414,-8.19422804570831,19954
8.445643516464822,0.50145336916586,-7.944190280834396,7.801568352015672,0.5298972383009649,-7.271671531474696,20861
7.548917837679189,0.5476584350392469,-7.001259388445231,6.856058542707325,0.4767167420513862,-6.379342070723002,21768
6.525674367818444,0.5344077933583791,-5.991266656473953,5.656846928385507,0.5632569473401635,-5.093590120298672,22675
8.52482370820303,0.3528531336337492,-8.171970422107567,8.357543692124628,0.28636565672612824,-8.071177929903554,23582
7.946983522459322,0.49031908851211364,-7.456664382951394,7.258480806266312,0.4975481708492853,-6.7609319771285605,24489
6.88450397335839,0.5144193143539681,-6.370084625883428,5.9742214743014985,0.48270318782435057,-5.491518071267457,25396
5.2301138222809005,0.5031633871261445,-4.726950501396743,3.8358907615189004,0.4780195919813308,-3.3578711990761545,26303
10.142422267068444,0.40965998448768287,-9.732762413487546,10.323269683702858,0.15895939295270803,-10.164310691630945,27210
10.581907584622519,0.22908889866190682,-10.352818397597678,9.766264442848948,0.3075418978665782,-9.458722004848244,28117
8.874980468077066,0.42086070217397537,-8.45411977378904,7.841935984856259,0.5821369390572066,-7.259799045799053,29024
7.326265025953736,0.5294338565939973,-6.796831234024536,6.329569689995419,0.4704221961772547,-5.859147536016144,29931
5.4799523116998134,0.5007356472288761,-4.979216776451439,7.35040230033672,0.4611056378457399,-6.889296675150374,30838
4.783717808938999,0.4319685612124408,-4.35174916360975,3.690689791620305,0.41309989237152367,-3.277589916127973,31745
5.063348963610261,0.4296517808487292,-4.633697240591838,5.11339440809942,0.2868228992529675,-4.826571574253318,32652
5.054814100002638,0.4264392442713762,-4.628374921973249,4.136088554838063,0.4630898627559696,-3.6729984789823007,33559
3.4529832292680833,0.46029218318312537,-2.9926910715828656,2.1864004367220717,0.40871500757943213,-1.777685452351528,34466
2.052449528148445,0.42602003238429836,-1.6264295367710908,1.9495566946215335,0.16668196273061026,-1.7828749260016248,35373
1.8664627995222907,0.3835410890400475,-1.4829217380830708,0.49763103613250814,0.436540763990014,-0.06109024993086283,36280
6.482758553051765,0.492388095456158,-5.990370439326487,5.069695236408605,0.3744896956249676,-4.6952054184095,37187
4.815528189859948,0.4954287388096045,-4.320099562505114,3.81201639217613,0.4597679872428421,-3.352248402823389,38094
3.166292982301218,0.4928024327741831,-2.673490524291992,2.1728286500525686,0.44286036702383935,-1.7299682144570139,39001
7.634096375373916,0.42681525849717716,-7.20728093392268,7.28749972318126,0.617203349560763,-6.670296660566752,39908
6.985514026229674,0.5686498994732639,-6.416864027130564,6.158794449493948,0.5436005296960341,-5.615193864940542,40815
5.965887801518383,0.5734566995563949,-5.392431181347225,5.356512327109818,0.5086163250745925,-4.847895934518459,41722
5.025573972830305,0.5369849473139416,-4.488588961903027,3.9992306759927123,0.5005371802676041,-3.4986934155489493,42629
2.9306714911970833,0.5306789861887267,-2.399992523277476,1.4203760571184412,0.4579221632628314,-0.9624538506026816,43536
1.5502874278139975,0.5099333339384136,-1.0403540923025012,0.05845694336216006,0.48964422782965467,0.43118727523668676,44443
4.0039922987350165,0.5042941215414196,-3.499698480802702,3.564117279727902,0.492193930971939,-3.0719232474808145,45350
3.917776879559804,0.5433597743445484,-3.374417099957955,3.38783292221812,0.542434042533942,-2.8453989282118535,46257
2.963493609638698,0.519429865062171,-2.4440638091098905,1.988130649634167,0.49003303578469604,-1.4980977151246198,47164
1.453330657160466,0.5289676428629781,-0.9243630377171189,0.3855125098365598,0.47712876733425447,0.09161623178330143,48071
7.14887716199755,0.8120161843010714,-6.336861327569829,9.59618935542824,1.3520973171808024,-8.244092418029245,48978
7.687402231559207,0.8035613199841752,-6.883840966776687,5.6977616622384675,0.5844320617945848,-5.11332986207135,49885
5.29434269081797,0.5345789363654998,-4.759763707136766,4.6211972110039365,0.4751158815569582,-4.146081097358096,50792
4.368777432804465,0.45885164603640255,-3.9099257447096583,3.405532028822772,0.3924318372675803,-3.0131002443026653,51699
3.0198126499024616,0.4193538378722875,-2.600458815973149,2.0525864457662126,0.4506943668939371,-1.601892184367222,52606
3.7492517073861555,0.6151164768812017,-3.134135264151677,3.6784849209068096,0.8631771644659801,-2.8153077859794142,53513
3.110618734307168,0.6690492351367955,-2.441569491284422,2.0275663664910644,0.5582192513795026,-1.4693472701891335,54420
0.9799891913673187,0.6309146818015909,-0.3490744827863531,-0.5293583975429028,0.5778934934497935,1.1072518846629995,55327
11.577844077723292,1.7722159840963378,-9.805628058403041,9.832667266373086,1.691896556752973,-8.140770566146985,56234
7.8497080045866205,0.82519283946583,-7.0245151582863,6.311778482082671,0.3969363153508279,-5.914842183611034,57141
5.640301400534767,0.4624243305694176,-5.177877028695541,4.5653569846026665,0.488580902065851,-4.076776150053582,58048
3.4315689288268674,0.5480821172089666,-2.88348685604209,2.2769533585658115,0.41604011248698275,-1.8609131331992361,58955
1.5318564140415507,0.5269408678141029,-1.0049155712653415,2.104514849924408,0.4472201018206841,-1.6572947037958465,59862
0.47113342147809273,0.4932628408682254,0.02212939727661234,-0.6882916425181701,0.48133558087644324,1.1696271643174434,60769
2.353481368429737,0.5302292320142113,-1.8232522331498555,2.0571831918395724,0.4582595361017548,-1.5989235396933767,61676
2.0140855141485146,0.4836536394853182,-1.5304318599427549,1.2306606563846623,0.5303090146157594,-0.7003517066482949,62583
0.6601760378877541,0.578164559083579,-0.08201150035910727,-0.36508314904913436,0.5557721062044126,0.9208552605282944,63490
0.6822306453984522,0.5214241991495219,-0.16080645610636887,0.4221714421183662,0.4084040548949115,-0.013767377465172152,64397
0.7562930880334174,0.6424874423488629,-0.11380562826974652,-0.1426279201971746,0.499308088184458,0.6419360405575912,65304
-0.4962270398518479,0.5537537151029643,1.0499807355685167,-1.539585854099915,0.49813371000036727,2.03771949025382,66211
3.2488315723828207,0.6042716931613303,-2.6445599225285035,1.835028269649607,0.4535862281259182,-1.3814420278093456,67118
1.1275534823684734,0.5634347070275488,-0.5641187729094231,0.25867558475089286,0.5110350541308918,0.2523594767646452,68025
-0.23537082735206746,0.5358831948193064,0.7712540193455748,-1.1249290451539302,0.4835112833343776,1.608440365411539,68932
0.3903034343871944,0.537515105065595,0.1472116746870922,-0.006019143404158871,0.8104470092638404,0.8164661880088063,69839
-0.15059992575724307,0.673893848616864,0.8244937704311316,-1.0959856678954267,0.5442919477952265,1.6402775587233822,70746
-1.4527370066206404,0.5192005179551366,1.9719375097239031,-2.274112937724696,0.4714715670695347,2.7455844710358477,71653
1.9705088567543187,0.5088800805669109,-1.4616286878154716,0.440998607636553,0.4972030800000756,0.056204451923876735,72560
0.6727774145190482,0.5153072434985783,-0.15747016070301767,0.24113392856268756,0.5536587006222885,0.3125247870926308,73467
-0.02099273130379806,0.5721165768498229,0.5931093054017527,-0.6864239040729219,0.4640655728568018,1.1504894695450774,74374
-0.9722949270376692,0.536570920176648,1.508865856940323,-1.6606133026359355,0.5144542888202498,2.175067665302648,75281
-1.9275378289795764,0.5125160932278029,2.440053859908368,-2.623196954220797,0.45444621871003005,3.077643200359513,76188
-0.5877542274920917,0.4879507513792801,1.0757049804485619,5.733721509443975,0.44048919086962673,-5.293232200420008,77095
0.36037025709925047,0.5521078440951145,0.19173758111425904,-0.7006370019068761,0.4936502802688464,1.1942873254286503,78002
-0.792556658600762,0.5349575114223897,1.327514173177532,-1.3961839275022523,0.48574743861645725,1.8819312711732576,78909
-1.6242752221085401,0.5195351635345156,2.143810411009531,-2.249260421347829,0.47204520639065095,2.72130550958414,79816
2.816084382815293,0.6832450206382272,-2.132839388463568,1.2892248150521675,1.185446570404863,-0.10377822618568892,80723
0.43884544864773356,0.7623826618888544,0.3235372251029051,-0.3475239456227395,0.475036832083643,0.8225608082999171,81630
-0.5703766380807399,0.5258934558292208,1.0962700828039134,-1.2230803597289903,0.5054080507396597,1.7284884157433975,82537
-1.4478502984609467,0.5175588601479325,1.9654091600546368,-2.118475580637434,0.45060599588714867,2.5690816018433695,83444
-2.4014058604655744,0.49550783069025983,2.8969136735438776,-2.9271841766559974,0.47115805296771296,3.3983420312932107,84351
2.9624552654457723,0.5119376030094437,-2.450517434926648,-0.3225992976036747,0.49065755320861276,0.8132568123066319,85258
-0.4311615233253092,0.5337040910647223,0.9648656045983093,-0.9779752587850115,0.4454117665248635,1.4233870042108856,86165
-1.2062588195422255,0.5175799366657632,1.7238387661968597,-1.731070708384556,0.4974215178363091,2.2284920278903657,87072
-1.7045774756876346,0.470914888013947,2.175492359232876,-2.0278500118086824,0.42854474076127586,2.4563948707242984,87979
-2.3124472803160008,0.48652743346898797,2.7989747490089023,-2.926031192847058,0.4728091796942517,3.398840507574841,88886
5.562282560678669,0.6615354449641219,-4.900746813419767,4.910163556579995,1.8700495694590882,-3.04011403986838,89793
4.376216490975814,1.783100662315562,-2.593115797116449,3.1390647170817956,1.0014520999604621,-2.1376126888578972,90700
2.6814546051467003,0.859727747516569,-1.8217268578929964,1.685866514138416,0.6621798118658825,-1.0236867381408152,91607
1.29877393944918,0.659760292204633,-0.6390136525675638,0.47455307603937336,0.5523599101378854,0.0778068652195213,92514
0.22017432051036165,0.5799536252889245,0.3597793090172613,-0.49121170233836214,0.5126689387633737,1.0038806949041585,93421
-0.8216101127002048,0.5848228445126703,1.4064329393380532,-1.2737126339853337,0.5589248353401116,1.8326374492814055,94328
2.7478089843853044,0.5839986028324283,-2.1638103396916204,0.47808468451443237,0.46229430848518305,-0.015790386537535,95235
0.11448702442869461,0.5075695496278403,0.3930825269734846,-0.444452657636288,0.4965595819253837,0.9410122221550056,96142
-0.5480618789677058,0.5332159833056398,1.0812778546502597,-1.064503779453514,0.5114026871402707,1.5759065341105503,97049
-1.1736578327555378,0.5486303111815531,1.7222881800810321,-1.6879252121511814,0.5299763046534716,2.2179015843214187,97956
-1.7641949440704816,0.5482023832159242,2.312397299685578,-2.2530059244780416,0.484537820900436,2.737543764367568,98863
-2.323783519643933,0.5261317640050112,2.8499153772288937,-2.666623976378314,0.4674268908205286,3.1340508250008643,99770
0.7123144477310096,0.5170688413601069,-0.19524552619706967,-1.5776035068309413,0.44987748998456295,2.027480977826414,100677
-1.516997703117993,0.5003915059132771,2.0173892365006654,-2.005556100237686,0.46551074812897536,2.471066770300401,101584
-2.145849931726382,0.47620611285427306,2.6220560252600755,-2.6522875022044223,0.4670843191906414,3.119371566097293,102491
-2.7629661404968227,0.4885092906678525,3.251475366762744,-3.270696264452639,0.45961765694407236,3.7303137315058077,103398
3.536521503260275,0.5139163773272766,-3.0226051631283997,1.2127348015793658,0.4573477517187068,-0.7553870234869223,104305
0.43262523097266437,0.3735162341739272,-0.05910899423580317,-0.790259719949908,0.3643193455923975,1.1545790613225075,105212
0.2950528849577562,0.5311626373341486,0.23610975250782487,-0.713960956683201,0.5517011152959503,1.2656620835835954,106119
-0.9528087523438308,0.4675097759923966,1.4203185193988166,-1.808049237833614,0.4601363038594744,2.268185539583189,107026
-1.6291439546376894,0.514078605529886,2.143222548075784,-2.910901101289597,0.5121769187724696,3.42307801373237,107933
-1.234958413943172,0.489166793907359,1.724125208113396,-1.9122141863392517,0.40651791496614437,2.3187320337886304,108840
-2.2631493132590195,0.4696514235836143,2.732800669812052,-2.9600556740718607,0.4295726708606281,3.389628182470271,109747
-3.182699503157341,0.46535318189576813,3.6480527371003846,-3.7431356295020177,0.44549370655971293,4.188629352940922,110654
-1.6885854333080557,0.45436025848725137,2.1429456827264635,-2.6323129392303195,0.40586536120524447,3.038178097885267,111561
-2.905764051151381,0.4461730149509888,3.3519370931774675,-3.576990406070135,0.46245371556915016,4.039444307310391,112468
-3.0222140683360244,0.4505880218093687,3.4728021674277105,-3.3494658849935615,0.4186277642714239,3.7680936155066025,113375
4.7263157191586735,0.46948232934651063,-4.256833422407426,5.55739978773404,0.6466537408069172,-4.910746076465708,114282
4.000637090718733,0.5518959995930093,-3.4487410800853926,2.0162469781605545,0.3796265483957476,-1.6366204793474315,115189
1.4376168967344796,0.5126525270110849,-0.9249643540829255,0.6483313137319235,0.5596001169322866,-0.08873119607435918,116096
0.3883546260580864,0.5518327616278366,0.1634781451314655,-0.17588417034233567,0.4948191684959209,0.6707033309261355,117003
-0.5126960018635321,0.516949136832846,1.0296451680058287,-1.6416982844867538,0.4631594430028865,2.104857723269842,117910
-2.400549861535742,0.4639533467697598,2.864503181230404,-3.5444923713143948,0.46247553614388526,4.0069679327770675,118817
-2.1967801180274904,0.4760884528911889,2.6728686129770836,-2.737714512158284,0.4981641853805137,3.2358788009238455,119724
-2.292620653091481,0.4789568775938259,2.7715775049245344,-2.8533934787311384,0.4694965961760124,3.3228901550833103,120631
-3.0130314231576047,0.46395823395633384,3.476989596786415,-2.3555686959123188,0.4283410468987659,2.783909822987244,121538
-3.3660999230276527,0.4658593285044341,3.8319592796586446,-4.016534404417055,0.4255450510345729,4.4420796622217225,122445
-2.701207480067849,0.45746002071090414,3.158667458194619,-3.5966378355448225,0.43120845018234927,4.027846277287576,123352
-1.2174087146414154,0.4722352012121165,1.6896438935100047,7.578725207168444,0.5106653871789443,-7.068059533043245,124259
-0.9134445847592254,0.48571927860264213,1.3991639033173515,-2.0790089611458566,0.47605553770487286,2.555064547378405,125166
-2.423903523364167,0.47564813977696796,2.8995516481578285,-3.0781487363629636,0.41906106577510327,3.4972095995877694,126073
-2.395021617872581,0.4368151577462698,2.831836760372679,-2.9302202030620745,0.4745943820582027,3.4048146610766388,126980
-3.249879035297802,0.4761329838038805,3.7260119975467503,-3.9102178674883548,0.41194160005687613,4.322159353610688,127887
5.172880029993783,0.6658669022767257,-4.507013257835245,2.3640131992576396,0.5930644178812483,-1.7709487476180086,128794
0.4552692052679262,0.3512424841736748,-0.1040267296373647,-0.8872379940167993,0.35429156565033226,1.241529481600871,129701
-1.1560810318066765,0.36511484764376706,1.5211958417293123,-1.7380842149785134,0.33994483947753906,2.078028923642319,130608
-1.7747590076568502,0.3714718839693753,2.146230859556692,-2.275654902500389,0.3313734003927855,2.6070282522556,131515
-1.8114579541417704,0.40584309019616577,2.217301037503445,0.16223446035807113,0.33127363593177456,0.16903920300238956,132422
-1.0589865443462048,0.4879913230189415,1.546977844233024,-1.7106499271055238,0.4565363225683702,2.1671863319599525,133329
-2.079718503037256,0.45759159990287535,2.537310128175174,-2.7090853864112785,0.41494237005183127,3.12402789360654,134236
-3.002536441420247,0.43031330855179256,3.432849745240469,-3.5844059623448197,0.3959605081946449,3.9803664620998687,135143
-3.6105891201961398,0.41034907411451244,4.02093822138575,-3.6644688032369697,0.3475959322093862,4.012064705907771,136050
-1.9775950969119844,0.4045658306092385,2.382160965899517,-0.9749048979936448,0.4053629900501893,1.380267894373531,136957
-2.0095596017753405,0.40070527969410824,2.410264895269863,-2.6601252429253233,0.3682773851715358,3.028402480403934,137864
-2.9270396156374123,0.4098181556314723,3.336857746296707,-3.4962771170962172,0.3969038144677086,3.8931806446176713,138771
-3.718738849528438,0.4195400262220692,4.138278872858992,-4.204729270091099,0.4103713415365304,4.6151006918037885,139678
0.414322952977089,0.41859151404905476,0.0042686083876705486,1.3221390848666166,0.4135730667451842,-0.9085660740337541,140585
-0.842146422529168,0.4449466223753537,1.2870930353099483,-1.3818357518288942,0.3812302023963591,1.7630659795440404,141492
-1.5706480808531436,0.425668982975801,1.9963170696119752,-2.099842485073393,0.4078670054410411,2.5077094694154454,142399
-2.1642032597530245,0.42427433785687735,2.5884775878838955,-2.6498495561886677,0.40814465970064684,3.057994167361639,143306
-2.7538797750231185,0.4280346967156693,3.1819144357262794,-3.304236772841057,0.40125507591045007,3.705491935257363,144213
-2.870308624475767,0.4387750846416974,3.3090837346153723,-3.4021074792980093,0.40384775769394055,3.805955194793971,145120
-1.952367788638669,0.43369814106227284,2.3860659551988492,2.8750213310781834,0.4484033415802812,-2.426618086553253,146027
-2.1349974038713952,0.415339074560668,2.550336478169198,-3.0150950587956253,0.41237083367541827,3.4274658608225597,146934
-2.9125281928441886,0.43794305952801854,3.350471230036894,-2.6809478544555936,0.4279126445804022,3.108860556003267,147841
-2.945704279292905,0.41251171988978275,3.358216042818282,-3.4039743031020713,0.4135785145042217,3.8175527521994264,148748
-4.050837563048913,0.4282728918594983,4.4791104107470865,-4.119505569998142,0.3805629595191078,4.500068529517249,149655
-1.3630729018656131,0.4815299397923849,1.844602900276899,-2.839349520944916,0.49324178273698926,3.3325915041223038,150562
49158.393723559355,1.4353492068087779,-49156.966616722035,10.375796706275603,2.1624057567225092,-8.213390789200774,151469
7.6472450995524115,1.430519190223635,-6.21672594770707,4.063726840820988,0.7345197812645836,-3.329207124963271,152376
2.879682649588243,0.8351228376470564,-2.044559858862594,1.7429715537391932,0.672862069796672,-1.0701094770853499,153283
1.3710656183162886,0.7669296806150392,-0.6041359576789915,1.0268038622045939,0.7205008700885603,-0.30630300108310393,154190
0.5811503737212016,0.7172117564486301,0.1360613926177251,-0.6702416766006335,0.5912724385219338,1.2615141404413543,155097
0.9281559277001394,0.6806173745169003,-0.24753852873679164,0.4629883143754132,0.61554939134986,0.15256106958980054,156004
0.8833573416549027,0.6409295017953218,-0.24242785642007747,0.12095607803986136,0.5466706605084175,0.4257145729740109,156911
-0.39377236116550196,0.5955330019091823,0.9893053747721781,-1.3714989961776058,0.510367735297279,1.8818667251451882,157818
1.6929443810451386,0.6399240662008031,-1.0530204478540388,2.136618645845261,0.7251568009368087,-1.4114617035452244,158725
0.4086166558481235,0.6892783828449355,0.2806617141164256,-0.39721893947736353,0.5517305146276423,0.9489494425005618,159632
-0.6496192134727848,0.5610064718925704,1.2106256831967186,-1.240377977886031,0.4932555392780135,1.7336333958448562,160539
-1.3636925754105507,0.5376123472506051,1.9013049021576836,-1.9081870285810623,0.4897659014811558,2.397952830896968,161446
-1.1594808259373068,0.7494589585847865,1.9089397963510195,-1.3993884905249672,0.7404515089186947,2.1398400163228533,162353
-1.7518987413803824,0.6396626832072501,2.3915613883122586,-2.4501955910066586,0.5313439537993575,2.9815395659050057,163260
-1.9298461860963765,0.5462474702080135,2.4760937306951925,-2.283563772134021,0.4867899143590336,2.770353806757294,164167
-2.5811144990195514,0.5208695400116068,3.1019840429741334,-3.060887722842461,0.45355754194006453,3.514445144518287,165074
0.5390190235703625,0.5093562505736766,-0.029662868548123025,-0.769687973292528,0.5085318953590056,1.2782198813109271,165981
-1.0228930276704598,0.4962077356357427,1.5191007359682396,-1.583941816228681,0.45190131347791285,2.03584309805811,166888
-1.7651695893644104,0.4936406541422683,2.25881023259778,-2.286326515991076,0.447632439368594,2.733958927930984,167795
-2.4885074411495256,0.4830230346982508,2.971530506340119,-3.015855768085581,0.4564684133614059,3.472323999995679,168702
-3.057437503482436,0.5005726866843024,3.5580101728176468,-3.1791336705199384,0.4745881662959546,3.653721834705994,169609
0.7357006937823984,0.5077427377248678,-0.22795794528006455,-1.9073626952888691,0.4312377440190948,2.3386003612417037,170516
-2.1588589109422878,0.4806700851583428,2.6395290126611273,-2.5745788844285813,0.45326735066101614,3.0278462097708103,171423
-2.680367661153337,0.46298924827785976,3.1433568742072833,-2.3765156775449228,0.5211842587563844,2.897699879334036,172330
-1.4402184638850875,0.7648837621577388,2.205102232614452,-2.5380976284499717,0.5246907630852894,3.062788296589809,173237
-2.5929743599602513,0.5596473992462326,3.1526217339714413,-3.254602970275204,0.4840924001373021,3.7386955328747233,174144
-3.3124693084052272,0.4828807731973297,3.7953501262896117,-3.687087611814516,0.42593454259686764,4.113022323203298,175051
-0.9785749920147914,0.45731072809625223,1.4358857994962817,-2.56400357516466,0.4009287336231333,2.9649322307215327,175958
-2.769513087866719,0.4454329074283419,3.214946006598257,-3.222765099685804,0.41705038273229006,3.639815541495264,176865
-3.3640567657045914,0.4494464221310852,3.8135032569691787,-3.834141300842825,0.42933676306125335,4.263478034365494,177772
-3.04976640594045,0.45563821939806953,3.5054046750200096,-3.758517484749313,0.4040138700367075,4.162531422302786,178679
-3.736671671714909,0.4473231955951998,4.183994865207189,-4.226282339180465,0.4412683385663328,4.667550618669628,179586
-2.2501352614052634,0.46551708507432693,2.7156524994670357,-2.1687442939893335,0.43007711815623056,2.598821386826777,180493
-3.0465875439501913,0.43169404863654054,3.4782816288621055,-3.59081548083145,0.4245825573406388,4.015397738566441,181400
-3.7205516395652967,0.45444651028550054,4.174998160365398,-4.156740737172354,0.4214301109313965,4.578170843883953,182307
-4.121739865926555,0.4496237713814833,4.571363589992334,-1.5551443943935157,0.4313864834540713,1.9865307765724385,183214
-1.2472221906550534,0.45817393425938313,1.7053962800048021,-3.376452682292567,0.4293501735788531,3.8058027419368776,184121
-3.519894484253939,0.45970262003838686,3.9795971778945334,-3.9852159213175815,0.42164451042107776,4.4068602840457345,185028
-0.8843660048376502,0.4513019611186203,1.335667987116905,-1.708776822132347,0.40408517618094925,2.1128620384013757,185935
-2.403997586343885,0.42614771486511566,2.83014529437451,-2.804923620899167,0.4133688918257182,3.2182923376032737,186842
-2.998731580038186,0.4453345764563917,3.444066225365215,-3.5043415516878653,0.3963175452915968,3.9006589366271434,187749
-3.597239995870201,0.43687274569056134,4.0341128104314,-4.063232742579637,0.4138690222681096,4.4771017564081514,188656
-2.0648626374304624,0.4392160733190366,2.504078691560352,3.8823250521600774,0.529167652130127,-3.353157110973797,189563
-2.4495230291486445,0.44293864059868826,2.8924617451895953,-3.501205368379576,0.4106878896730136,3.911893186316026,190470
-3.4993899833275437,0.43982608315700206,3.939216117480361,-3.9164853897769896,0.4260805222840436,4.342565823445278,191377
-3.9054686061076844,0.44075636196031326,4.346224926798189,-4.247499415304809,0.41801351361570105,4.665513030195658,192284
-2.596081215859511,0.4328452476198644,3.028926539184503,-3.1567122830753833,0.4010817308341507,3.5577939463927684,193191
-3.5871488120090604,0.4227580240832143,4.009906848709797,-4.073498953760198,0.4004959511545907,4.473994972431554,194098
-4.105024605890882,0.4315712202213039,4.536595719914715,-4.51775458428712,0.4036304634229272,4.921385030830856,195005
-4.486723779711991,0.4336053938692171,4.920329269526944,-4.3611905553699595,0.41284545965954267,4.774035698544663,195912
-2.0159787038195356,0.42887290862061356,2.444851571433205,-3.8679709181321407,0.38695216389883935,4.254923052492395,196819
-3.996552080146007,0.427785013318719,4.424337145249137,-4.423212511349568,0.40240750692586985,4.825620263023714,197726
-1.2069390506176596,0.4456008779174569,1.6525399550844841,-2.353666461674513,0.36758017328988135,2.721246803756309,198633
-3.001596273634636,0.4217273860414078,3.4233236134117995,-3.4214904751397865,0.3976514824723775,3.8191420968654937,199540
-3.5265537491181194,0.42786771328472906,3.954421458722738,-3.9732930807940727,0.41321381425435566,4.3865067473555035,200447
-4.059372697933243,0.4248066668736501,4.484179310656698,-4.403581091787963,0.42267305661091764,4.8262541104207,201354
-1.3967402396680502,0.48007190004073275,1.8768121042220043,-3.3063201883197886,0.6063843786188986,3.912704602806969,202261
-3.1434899183460474,0.4748268921293787,3.6183168438592848,-3.6375140088849363,0.41264304439578436,4.050157057500519,203168
-3.7684935619181807,0.4369770978488102,4.205470706556966,-4.155403816594487,0.4225429940012704,4.5779468907719165,204075
-4.159818457400522,0.43688143337968954,4.596699934415807,-4.511131138928168,0.4085083682980158,4.919639519885578,204982
-2.300204819854854,0.4175143525776553,2.71771912958551,-2.679630661432722,0.366005977698132,3.04563660748237,205889
-3.508969564553527,0.4188359396197436,3.9278055378199936,-3.9373886901720434,0.40851663066222604,4.3459048650961005,206796
-4.055697854324896,0.4217100390525742,4.477408012718192,-4.5047039268291105,0.4075469126743553,4.912251025174571,207703
-4.481502205166296,0.42093665649767353,4.902438772552726,-4.883893789443294,0.39544156589339263,5.279335359556485,208610
-2.8376051596763245,0.4259554001830247,3.2635605542898967,0.7124273035906058,0.49384210383997557,-0.21858518735497398,209517
-3.2325805813369834,0.4211712083322342,3.6537517113354396,-4.273603325396513,0.39151978281746924,4.665123188390141,210424
-4.200007400807104,0.4285836014752877,4.628590963378368,-4.527836681467242,0.40500984782666233,4.932846609470063,211331
-1.8638097164780723,0.4180997264424653,2.281909497859328,-3.5839237111859616,0.35248269022038553,3.9364063634281665,212238
-3.3736361132435655,0.41314150558942736,3.786777572043018,-3.3757180365840944,0.5430831487199902,3.9188010966883295,213145
-2.3899261204909856,0.9486407487105902,3.3385668442293985,-3.594184065287092,0.9315968741357854,4.525780871906112,214052
-2.020213337691117,0.6797778561727741,2.6999912619459328,-2.958427270956799,0.4577186635110231,3.416145932357923,214959
-3.3160409811707554,0.4445529199619146,3.7605938096556404,-3.742314250068327,0.4323103280194038,4.174624552768943,215866
-3.8729917882164364,0.43764023796594653,4.310632001210205,-4.307822957503057,0.4070699025044399,4.714892632138413,216773
-4.356048300615877,0.43161864895804847,4.787666892795079,-4.72833228322257,0.39480047732327894,5.123133026393114,217680
-4.7243800462935175,0.42707372579185543,5.151453819401078,-5.018263749316731,0.40576312816248533,5.424026759324875,218587
2.2791714715589633,0.911421824710766,-1.3677497125644538,-2.7654179113101116,0.663054120224134,3.4284723332497924,219494
-3.2144128495566506,0.5378053900688197,3.752218248562881,-3.693431698115526,0.42940912837475803,4.122840611280593,220401
-3.7751242323247705,0.4306853577215327,4.205809714118596,-4.15077519627799,0.40934861022814184,4.560123814945728,221308
-3.3486375240927364,0.4270964546792431,3.775734015047353,-2.4455447998722044,0.4017486361275732,2.8472935836927027,222215
-2.6893265728387967,0.4141716489192538,3.1034982695994855,-3.6049748437594524,0.39806064251249873,4.003035688822249,223122
-3.6021070987676183,0.39731886053032756,3.9994259027819647,-4.063994804314808,0.369615322720688,4.433610291607612,224029
-4.102891511401899,0.4128190874396243,4.515710710822025,-4.53435210422077,0.3860377969995009,4.9203899687370365,224936
-4.473191167185824,0.42635931858285653,4.899550546227637,-4.837301600295885,0.4107071403908519,5.248008660510578,225843
-4.728812721098929,0.4102363938664917,5.139049117856935,-4.939898596400708,0.3877659139379991,5.327664805724558,226750
-3.765299196674385,0.4052512401256961,4.170550341117211,-4.56536326788168,0.36757963315575526,4.932942753344511,227657
-4.730561506656197,0.4019690821688651,5.132530654015588,-5.0469103281476855,0.40389466918675243,5.4508053264786716,228564
-4.9580112828440805,0.41212229481605606,5.370133544013413,1.1387769748679304,0.3848464594478101,-0.7539304716397176,229471
1.8572141427583706,0.635988356391545,-1.221225820539279,-2.08478341271392,0.45079169653158274,2.535574988981264,230378
-2.9802999641035726,0.4055324620685346,3.3858324406296836,-3.908083983227215,0.34266438104410085,4.25074835583172,231285
-4.0212968060830985,0.4253522768830254,4.446649179174724,-4.441055770468923,0.4195958196589377,4.860651336939989,232192
-1.3107302840778556,0.4244595057646258,1.735189804037193,-2.5875177826501625,0.36212145965711207,2.9496390418668765,233099
-3.016201230367726,0.38986142493924075,3.406062629809059,-3.4774782552128345,0.38368582092555226,3.8611640592591954,234006
-3.5052231622504557,0.4016132289020071,3.906836323596151,-3.943221248356642,0.3790838528523403,4.322305324858269,234913
-4.018178543418876,0.4015535761529319,4.419731964481442,-4.4380907506014395,0.38086813108055995,4.818958788846446,235820
-4.460818761501712,0.40967811271137544,4.870496802450935,-4.83314347056161,0.37388201097471524,5.207025646108441,236727
-4.809866646027486,0.4015671473485238,5.211433763935127,-5.134800277980028,0.37015860059620004,5.504958566311187,237634
-5.0214180546795255,0.4044535225780954,5.425871633510737,-5.30742599689855,0.3795057524622014,5.686931576349039,238541
-2.7298974386255166,0.3965613776294241,3.126458871456596,-4.481726026113054,0.3625795313742308,4.844305392915168,239448
-4.17047811106521,0.3957779252410855,4.566255979527449,-4.616144226715628,0.37461323442712297,4.990757562417899,240355
-4.266039170530166,0.4060050376589269,4.6720441589019,-4.359597273632488,0.39957434308212414,4.759171544978049,241262
-4.02982056890065,0.4011757733934901,4.4309962523943005,-4.872806890875892,0.36589665117516984,5.238703567369849,242169
-4.8746748732889635,0.400224979552045,5.274899879127511,-5.270789188621318,0.400251228197486,5.671040425258401,243076
-5.160734828015278,0.40576214669426325,5.566496965772131,-4.5920396104323125,0.39038147546548757,4.982421267349108,243983
-0.6830686581831389,0.44495789823353354,1.1280266258130394,-4.049403224371176,0.37056167146800895,4.41996474814626,244890
-4.130159669043342,0.41212381312444957,4.542283471390325,-4.453090157129068,0.4036535161786375,4.856743601571142,245797
-4.535179731732824,0.4019835455283572,4.93716317106371,-4.9858409830954225,0.3874977753225681,5.3733384799113315,246704
-4.75051425152603,0.4081280975383855,5.158642311474717,4.109078073923567,0.3836551767534914,-3.7254228845106816,247611
-2.6375241290116653,0.4040751394126749,3.0415992400349174,-4.333152918689019,0.3842136332419066,4.717366581469511,248518
-4.388305505029159,0.4084075698516072,4.796713142437078,-4.837232302775425,0.3628031806608217,5.200035500315439,249425
-4.835510307004985,0.4085487720064712,5.244059048519113,-5.249673248392291,0.3901597588463167,5.639833028337597,250332
-2.3313108134558864,0.41639934169680964,2.747710151209721,4.896172839983374,0.7385462448660252,-4.157627004437742,251239
-3.0686000120284933,0.5202852315387495,3.588885276819669,-4.308773382575111,0.41265965352016215,4.721432981237901,252146
-4.378174089675701,0.42189704333539835,4.800071110667573,-4.74419144402563,0.3963354161355348,5.140527438273472,253053
-4.21236074667387,0.41259235373668396,4.6249530964675785,-4.9208499267037995,0.38037705632437646,5.301226860654038,253960
-4.571232446104847,0.40496512521325295,4.976197567637989,-5.0070174225663715,0.369807302424338,5.376824978178582,254867
-4.810375311408837,0.41655468178426286,5.22692990119034,-4.803428772276482,0.3752151717126897,5.178643960868363,255774
-4.423503888349943,0.40893593302372405,4.8324398642206665,-4.779552510354371,0.3966117031806338,5.176164070061878,256681
-5.024983397129484,0.40155290505851904,5.426536299296488,-5.444847761002262,0.38775340645714146,5.8326010239862764,257588
-4.671551217580709,0.39792735574000987,5.069478589618351,-3.6135624784283933,0.36175697883673474,3.9753193813087666,258495
-4.797842281787371,0.39829458317656763,5.196136878370056,-5.385535265492127,0.3957276681883145,5.78126323328609,259402
-2.4655317111472703,0.40483349712838673,2.870365235350755,-0.20005855201619915,0.9861408503709641,1.1861994414202934,260309
-0.6977704898787964,0.7600685212157395,1.4578390131974561,-1.1249958593233498,0.5282530193835233,1.653248896641014,261216
-3.0705615822246344,0.4361827476021999,3.506744317472178,-3.950593851308907,0.35539967190902844,4.305993544316925,262123
-4.006108775028451,0.43661396979234185,4.442722795816609,-4.486694863412232,0.4385138570734885,4.925208842859859,263030
-2.296751476832498,0.4279439462453554,2.724695458038902,-3.6217133808979947,0.35476686258231643,3.9764803996128317,263937
-3.6564572469927903,0.3957273933827023,4.052184579127942,-4.05819669655994,0.39777201255865857,4.455968806173949,264844
-4.116441490368912,0.4126231951645217,4.529064662138445,-4.569561827499254,0.38950319205765177,4.959064922501556,265751
-4.549234087964009,0.41936935689772636,4.968603460107906,-4.912168996523967,0.390198298260174,5.302367556411608,266658
-3.933836004305569,0.40467957388342674,4.338515480403206,-3.6341406138597336,0.4018587348735438,4.035999534404383,267565
-4.50229865792305,0.3897701058918744,4.892068839782917,-4.937837723082146,0.3834649482659534,5.3213023633028556,268472
-4.892505788224797,0.40925374236101614,5.301759633628904,-5.108574508565717,0.4190935455592333,5.527668100542726,269379
-5.043980007003397,0.42339754840636334,5.467377566975822,-3.012805153838301,0.3798582785952408,3.392663466191925,270286
-3.9879104720455283,0.4055681896314863,4.393478681654757,-5.09614457071355,0.3886241490862011,5.484768892811463,271193
-5.086501273982711,0.3987482122444397,5.485249520399605,-5.5117606399333585,0.40002014784686335,5.91178029828367,272100
-5.35135436347196,0.4070737903409914,5.758428071010468,-0.4204596434019308,0.39835475398375925,0.8188144042428616,273007
1.216766524604032,0.6751777271451603,-0.5415887958816814,-2.6389977953075308,0.5203336783215008,3.1593315327062017,273914
-2.088744415600744,0.5071638206137055,2.595908258557977,-3.439755412329615,0.30237548541178744,3.7421307183999932,274821
-3.9299649424694865,0.3947460648769055,4.324710997357521,-4.717393297009764,0.44233110309702106,5.159724412766178,275728
-4.711063740929012,0.47725323121892055,5.1883169971201095,-5.118453700985529,0.4432127454639536,5.561666302976355,276635
-0.6586341066686426,0.43520513206490347,1.0938390881118858,-3.173208378057564,0.3342423228035986,3.50745074516904,277542
-3.2354958759253187,0.4105933009592412,3.646089118528524,-3.677427806685456,0.4043448878600534,4.081772660787126,278449
-3.7373120992422892,0.41695309684189835,4.154265162963195,-4.184278754006445,0.3897181991982249,4.573997159974765,279356
-4.267672709619592,0.41801880686128023,4.685691568528147,-4.7195407648002154,0.3928467362327913,5.112387665605123,280263
-4.7573974697697645,0.4081631432294583,5.165560662417848,-5.204297867496456,0.3799208370985183,5.584218725693964,281170
-5.1722355740598704,0.4139691426972176,5.586204730688934,-5.5541014629127705,0.38561088426978185,5.939712389380531,282077
1.7898552112831696,0.6117187129886043,-1.1781361890338615,-2.467303719140787,0.8483942673269627,3.3156979316103774,282984
-3.2692628195950846,0.5208565476448034,3.790119339376195,-4.1623040680336745,0.4423160173196708,4.604620064254355,283891
-4.141932484333412,0.41788576245965087,4.559818217352181,-4.522791803410623,0.39371863508646465,4.916510320342748,284798
-4.414722543567123,0.41888662735708754,4.8336091930048735,-4.756037864009891,0.3872850848510202,5.143322834926369,285705
-3.4929780572357094,0.4129444141240735,3.905922388163002,-4.2398127665561915,0.3858784574322996,4.625690966580821,286612
-4.297874847084054,0.3980349968654712,4.6959098933681505,-4.702804700463219,0.40662259549166246,5.109427257976701,287519
-4.660714745652978,0.4129816126797139,5.073696338354949,-5.051053321467037,0.4087299161252722,5.459783435922809,288426
-4.916511339284356,0.422349877236565,5.338861303529245,-5.266089118687453,0.3967429557732776,5.662832344527793,289333
-1.5286331376535234,0.43127048423035275,1.9599035950716432,-3.5908337187978017,0.3593721980542208,3.950205912632225,290240
-3.5574286444053103,0.4005420644333239,3.957970679134886,-3.961134720692592,0.3894563101034249,4.350591068774198,291147
-4.047995338103474,0.4110139512437444,4.459009374515487,-4.503496393693232,0.38935577763920337,4.892851837968404,292054
-4.552698777818102,0.40982871123947934,4.962527467502649,-5.022209834208531,0.37564430405608323,5.397854020110274,292961
-5.007253516469532,0.40896997167888,5.416223511280535,-5.429982814113651,0.3803780395372779,5.8103604612097275,293868
-5.3497780044917365,0.4110239217142023,5.760801952492441,-5.719645571919669,0.3952033034468119,6.11484871923396,294775
-5.524082009295513,0.4190997367657006,5.943181720300441,-5.821466855243244,0.39174881234633185,6.213215380643321,295682
2.040000301343209,0.6304728482760563,-1.4095272970567596,-2.741378524662119,0.4476046266808974,3.188983073276756,296589
-3.3363532857043214,0.4569342359818329,3.7932875611159083,-3.975761531728559,0.3986510048925349,4.374412401587562,297496
-4.086897242029814,0.4294515013563331,4.516348694756118,-4.495790612381117,0.4093768195768373,4.905167638728049,298403
-4.588668899998775,0.4169918297406988,5.005660682686634,-5.055098326860276,0.41482814856335126,5.469926749710488,299310
-5.001392660487973,0.42407409674277513,5.425466943339187,-5.3905705181898265,0.39823160340300706,5.788802155351217,300217
-5.224619588357743,0.42009786523821074,5.64471762340676,-5.339008377716604,0.3862990995423984,5.7253077009082896,301124
-4.125750314045899,0.39947554925836565,4.5252259221860305,-5.234330599286915,0.39209494970541087,5.6264256840258575,302031
-5.144608247897854,0.39901798746683104,5.543626232210304,-5.565920378254578,0.36837932282844477,5.934300245436947,302938
-5.51342812762108,0.4089478965368134,5.9223761427100206,-5.883476379698357,0.41023302922206645,6.29370961147072,303845
-4.421968935342976,0.410922770200517,4.832891661907898,-3.4978034222020513,0.37952501583943327,3.8773283831841123,304752
-4.852366070500282,0.3959531473876886,5.248319119050721,-5.48441737942991,0.3754871714431628,5.859904466477116,305659
-5.337019324171241,0.41187263507695815,5.748891861988139,-5.576400735736948,0.40665391061158307,5.983054642128733,306566
-4.614268030589313,0.41162409672006356,5.025892276616712,-5.288769506775172,0.3880073918705493,5.676776919744711,307473
-5.349300550652181,0.39900371915318866,5.748304322904105,-5.811447274368422,0.3870979916732923,6.198545472811809,308380
-4.037086964179294,0.4188255985095982,4.455912586872475,-5.059850971255682,0.3749726303910787,5.434823635405144,309287
-4.982824836571135,0.42988086035916667,5.41270578420149,-5.490772888723728,0.4114082640251227,5.902181372178339,310194
-0.862338182287416,0.5386403045948706,1.400978354924043,-2.9186971715066283,0.4647018719563442,3.3833990181441855,311101
-4.087774321420453,0.45862396128779603,4.546398255370287,-4.761066850307769,0.38130508692918624,5.142371658730296,312008
-4.858362705731208,0.4337720313697823,5.2921347360495306,-5.305753598170998,0.4521127169111134,5.757866108312016,312915
-4.354563155274144,0.43876083367714674,4.793323929018065,-4.568147857632257,0.4071373095554588,4.975285015274993,313822
-4.85051797795322,0.4144242927021334,5.264942354246432,-5.288817933175416,0.3851008710608018,5.673918732499654,314729
-5.315633716499135,0.4180337260287284,5.733667485111998,-5.723786185273027,0.4073520255299796,6.131138354276134,315636
-5.137382106192188,0.42709477076588287,5.5644769721152105,-5.803669870427225,0.3961010907603576,6.19977076707688,316543
-5.607003883332376,0.42667578757137814,6.033679697190256,-5.781666426532037,0.38329029083251953,6.164956692045769,317450
-4.014208398291137,0.4137621577808586,4.42797040676466,-5.1259081173787076,0.3821834083152028,5.508091681826431,318357
-4.97326541393831,0.4145923575597929,5.387857767292262,-5.551838461276704,0.4217144999883871,5.973553007682868,319264
-5.271368182875224,0.43828891104348044,5.709657174881133,-5.806633341628893,0.4052861855093357,6.211919261290964,320171
-0.4363050284695862,0.5555951250953212,0.9919000082005477,-2.5017915637092254,0.6894635225819276,3.191255079961456,321078
-2.4627468846204392,0.7736467910312371,3.236393720864461,-3.9310333707691294,0.5471005397560322,4.4781341552734375,321985
-4.179725272127128,0.5121716459373129,4.691896899138159,-4.750488699009988,0.4488906775955605,5.199379304868985,322892
-4.725173986470686,0.4420293053035042,5.167203219749173,-5.098863217682965,0.41985168288239333,5.518714972301922,323799
-2.0038714931975914,0.4478304178475545,2.451701873981177,-3.8382295971423126,0.40039227072116546,4.238622007116807,324706
-3.777906311649209,0.4285594236758736,4.2064656485796235,-4.257016042692471,0.4192251990326738,4.676241241725145,325613
-4.363895923063537,0.4201238710010196,4.784019836122961,-4.9148665023061024,0.39794901197990484,5.312815708396709,326520
-4.913625486893323,0.42563213587070114,5.339257649313391,-5.3390700247435445,0.39752024675892517,5.736590495151756,327427
-5.243783938188143,0.4167135445259372,5.660497326835119,-5.690532540853044,0.3764292033372727,6.066961912982232,328334
-5.4719558960810515,0.41058209449742833,5.882538010030492,-5.797112983939922,0.40815171520266913,6.205264403756741,329241
-0.0755990996644673,0.4890598972156529,0.564658864198998,0.29080719942540195,0.4870046978503202,0.19619752875471538,330148
-1.7051482498974364,0.5199280899703963,2.2250763574797894,-3.0496037702644823,0.5132503889303291,3.5628540579196626,331055
-3.2519164918670316,0.4967271753288025,3.7486436122570437,-3.7864521372634754,0.4375690527721844,4.2240210339031385,331962
-3.8608521742226665,0.4504072973720294,4.311259420073151,-4.324235477278718,0.41873739040003416,4.742973125086421,332869
-4.361257264474787,0.4378716893075188,4.799128884648804,-4.770706839266077,0.4097383718574997,5.180445308178927,333776
-1.2238480329776416,0.45740379651037044,1.6812518413169382,-2.932106214287007,0.4079429702421205,3.3400493385517493,334683
-3.7822731003871697,0.40149013578168874,4.183763257986655,-4.447603613929411,0.3870955484103313,4.834699310032668,335590
-4.567334320737088,0.4197897448429331,4.987124177034793,-5.009726769101303,0.3998024147168725,5.409529221796356,336497
-5.006830539303814,0.4299736411989458,5.436804173142539,-5.4587993537430215,0.3954926465464904,5.854291932772746,337404
-5.3758181027304115,0.419307289733382,5.7951254544999395,-5.760921512029867,0.3945470615825822,6.15546896605365,338311
-5.613434202221552,0.42034387851366,6.033778122267886,-5.98716463240902,0.4010055592629762,6.388170157913613,339218
-2.395404054383853,0.4234633493055451,2.818867367972613,-1.8658255053832469,0.4181583244188697,2.283983753845755,340125
-3.5518263209089556,0.42110058175689463,3.972926942095604,-4.287312988686351,0.4377234678352829,4.725036418543453,341032
-4.420563480162699,0.44107528663391316,4.861638738932919,-4.923434392540856,0.4248740778560132,5.348308394440507,341939
-4.937057101345378,0.4410273826372006,5.3780844456042844,-5.42119119019635,0.41055493228203427,5.83174551904729,342846
1.9014456370699628,0.6316543345677419,-1.2697912208826303,-2.0189164296715663,0.6996755431183671,2.7185920782848796,343753
-2.820818600607286,0.5369318391154331,3.3577503637547266,-3.861506335503232,0.41441343526924607,4.2759196188597555,344660
-3.968091791230762,0.4359937910208234,4.404085611429603,-4.4089505102782125,0.4473374839377614,4.856288133469303,345567
-4.389237722462041,0.46598815865395743,4.855225955243936,-4.8337511805306494,0.40122084069041025,5.234971848209347,346474
-4.751427046387829,0.43142910171895726,5.182856117088713,-5.133026650521607,0.3837211997108122,5.516748208915238,347381
-4.971195274834596,0.4270091514208877,5.398204496440446,-5.352503814528474,0.40630535108853233,5.758809317529729,348288
-4.628318414404216,0.4192938589077143,5.04761227120901,-5.277802543302553,0.3975838644314656,5.6753865469873475,349195
-5.114903326465645,0.4143642679990455,5.52926769487913,-5.487495658671961,0.39364318088092637,5.881138759376729,350102
-5.134500744850134,0.4294681575358768,5.563968872945127,-4.766097663778119,0.4112318427161833,5.177329611989249,351009
-3.930486547644635,0.4053078339144571,4.335794434394963,-4.872644234547573,0.38962289928335003,5.262267188688295,351916
-5.135973092345182,0.42834023472492594,5.564313171454012,-5.604608983065175,0.3942998531645378,5.998908861548499,352823
-5.56608118637657,0.42728886714712394,5.993369976241375,-5.994534412316517,0.42435696272723444,6.4188910965370924,353730
-4.9404710649524,0.4284774418571161,5.3689485989437085,-2.9610658409321204,0.42200120993420087,3.383066970690162,354637
-4.883309917912594,0.41661852328753657,5.299928414913627,-5.54011386263687,0.398408341196786,5.938522203833656,355544
-5.515061333266219,0.4204035131250485,5.935464953640198,-5.881325928510818,0.443144815158,6.324470790086594,356451
-5.268671957897115,0.4313117114553904,5.699983746109093,19.642850200686834,0.41467517667112097,-19.22817588063468,357358
-2.3295771878504308,0.502545037632346,2.8321222012991942,-5.072970229967505,0.43434144754325393,5.507311525598037,358265
-5.183360277489238,0.4371809375851262,5.620541153038219,-5.665969464631207,0.42875997577093344,6.094729735787991,359172
-5.233258222140446,0.6784241591162298,5.911682288728186,-5.418143588884742,0.6896019741497209,6.107745617891835,360079
-5.289374316277551,0.5348125019304808,5.82418689496462,-5.945391507275336,0.44334766928073577,6.388738986665168,360986
-3.4812162624304457,0.45594112560268013,3.9371574090623276,-1.9562096047190438,0.5220816409693355,2.47829116551222,361893
-4.075841042540697,0.46561544285850986,4.541456573721855,-4.782034186135351,0.4281698286005881,5.210203862823216,362800
-4.854881099986925,0.4490813625424016,5.303962539285914,-5.35026658319794,0.44399264006488093,5.7942591304272675,363707
-5.113519714580481,0.4518400085011811,5.56535987041751,4.394255792145181,0.46551972363902405,-3.928736053736864,364614
-2.8472879366680175,0.5095364592698338,3.3568243764858394,-5.094599149923409,0.44786838936594736,5.542467370497442,365521
-4.867030931807142,0.4434227585923974,5.31045378292803,-5.539468106970323,0.41395914027121217,5.95342747511062,366428
-5.567464727551041,0.4517268361698306,6.019191619973987,-5.986694728378701,0.44373362887222156,6.430428226437189,367335
-4.09681738093249,0.43672162905549006,4.533539053886439,-5.235110291337545,0.40583566226790435,5.64094563712061,368242
-5.271744588769915,0.43249547573539626,5.704239943061669,-5.742538460588033,0.4152637245380773,6.157802142928132,369149
-5.6946322142486405,0.45018683457716296,6.144819106130379,-5.977696123376357,0.45050342948035854,6.428199430482578,370056
-2.197952640358905,0.5340246044945428,2.7319772324987914,-4.029598784657706,0.5303557066790825,4.559954482897193,370963
-4.612969982058894,0.48726612888071213,5.100236171398563,-5.398818627922936,0.4403102672205562,5.839128882484099,371870
-5.384884203413487,0.45866164193789516,5.843545814859039,-5.823130253141961,0.4467723010915571,6.2699024571781665,372777
-3.813467611420115,0.4502817858934665,4.263749514814249,-4.8781547926168525,0.4186003102665454,5.296754887673707,373684
-4.978506186042626,0.43820845016176674,5.416714660913705,-5.474806262328562,0.4314119457143598,5.906218537187154,374591
-5.4683644148585815,0.45639753972550867,5.924761880456153,-5.917314136977744,0.4417298578583034,6.359044032814229,375498
-5.888424445407788,0.4528646942273259,6.341289171178917,-6.234054721562209,0.42176025103678744,6.655815192028484,376405
0.6378245294225519,0.5540443481394842,-0.08378014977212252,-0.09554495800912907,0.5939480097947922,0.6894929767709918,377312
-2.028989393892467,0.5396702865255707,2.568659690932639,-3.3666905639445885,0.5777289719708198,3.9444193207057174,378219
-3.5619381622810744,0.5402080494881728,4.102146279062694,-4.1604528933499765,0.481544140165886,4.641997143230607,379126
-4.2815603773543955,0.4835983889368429,4.765158681648701,-4.80018170533982,0.4568464481725102,5.257028022698597,380033
-4.896743672948162,0.456812670633049,5.353556472122209,-5.3769379210683095,0.4520715823215721,5.82900960466503,380940
-2.573423978117887,0.5467423388555794,3.120166317630629,-2.710569267779325,0.4805247382780092,3.1910940524751106,381847
-4.056527218193046,0.5052810009679826,4.5618081897201455,-5.021746981460436,0.4425334592836093,5.464280525140003,382754
-5.1103294523968845,0.45801181646008476,5.56834117212264,-5.559814187277735,0.4383695821846481,5.998183663967437,383661
-5.547073922583129,0.4389854534195434,5.986059497972045,-5.978053379902797,0.41942002288008157,6.397473158034603,384568
-4.079807142175676,0.4475992743209284,4.527406263509159,-4.151668603441356,0.46274405454112366,4.614412560927129,385475
-4.783962767599962,0.4405317616699286,5.2244945387330315,-4.5624835090299625,0.4360792995554156,4.998562973157495,386382
-5.190643909353406,0.4491028286262016,5.639746669108971,-5.571896793568029,0.42799374065567963,5.999891027940058,387289
-5.661595889199792,0.44476229248130994,6.106358091781263,-5.441246332320492,0.45119092738733885,5.892437217509852,388196
-0.7302637936130512,0.5617809374513805,1.2920448425192028,-4.445116562125957,0.4716396416183067,4.916756148886892,389103
-4.724033059726871,0.48346258445243456,5.207495570577098,-5.260013149902884,0.46680542853026263,5.726818388542243,390010
-5.2912373758334965,0.47771136421615784,5.768948774747838,-5.713466032416419,0.4596641380175025,6.173130339225836,390917
-4.369487120534777,0.4579042399994199,4.827391257491106,-4.938890663923416,0.43536675292833715,5.374257113026307,391824
-5.187382708047953,0.44887501875384245,5.6362577898894015,-5.514176571263676,0.4448207500761589,5.95899713566873,392731
-5.522607714496347,0.44518195649623343,5.967789558486349,-5.99215247567776,0.44283646608875915,6.434989254031561,393638
-5.726139084901147,0.4328870079351759,6.1590260986193535,-5.721151980678592,0.46525475409178607,6.186406903562292,394545
-2.47056903518416,0.48379721215699184,2.9543663743049597,-4.590154023297065,0.4690811866152603,5.059235294308283,395452
-4.732681619292977,0.4838123053410876,5.21649377269808,-5.2286223268086935,0.4763131226058555,5.704935394557176,396359
-5.3158725109752245,0.4776513581764869,5.793523853642675,-5.565485992262849,0.4407784664525395,6.006264205527517,397266
-1.5947012120597024,0.4949774531834444,2.0896786728662327,-2.3103423013096362,0.49063766108149975,2.800979985600024,398173
-4.28135891444365,0.4670052780731773,4.7483640921023875,-5.022730975024468,0.43117658226890904,5.453907654348728,399080
-5.126787565771774,0.46273789200788035,5.589525426761581,-5.551090210939931,0.46724013944642734,6.018330666871197,399987
-5.376800042923125,0.4636979124117581,5.8404978338912406,-4.469164198478766,0.49511363443020173,4.964277959502904,400894
-5.250264465874585,0.4834308792501195,5.733695319363932,-5.826083077793628,0.47927136125817765,6.305354633162507,401801
-4.598652228499458,0.8297432339046861,5.428395528908996,-4.523853732421335,0.6509551664369296,5.174809278640072,402708
-4.940028486073083,0.611823737029861,5.55185218314746,-4.808127053016055,0.9891490345507596,5.797276049588634,403615
-5.293089172674513,0.7111733377702707,6.0042624678606495,-5.997358642848192,0.5146570290084433,6.512015216118466,404522
-4.2461209031686495,1.1379548843535199,5.384075715760018,-4.175167720929712,1.4160909905897832,5.59125903644393,405429
-3.509843040327516,0.9290626708832965,4.438905766938198,-5.0737864528082115,0.7095504018057764,5.7833368081962115,406336
-5.291696666225446,0.625390763582442,5.91708734884546,-5.832143188577838,0.5708721127130288,6.403015406785813,407243
-5.524805208288191,0.5456932950046123,6.0704985453512075,-5.262637957007484,0.5004358418219912,5.763073676455337,408150
-0.5064833792462501,0.6078289393684698,1.1143123748678356,-4.09544949826941,0.4824577475016096,4.577907055880116,409057
-4.457499791926559,0.509306595370157,4.96680647272785,-5.0249386635501825,0.49766421951023876,5.522602722708103,409964
-5.131883585991907,0.48086511891626865,5.61274865601528,-5.626182256546696,0.47144952706531085,6.09763187644756,410871
-5.599023432558138,0.48123279453769674,6.080256301223772,-5.894216482618214,0.4531790978085678,6.347395635284154,411778
-4.726102693341138,0.46105828700544027,5.1871610134675725,-4.467569435592246,0.4200440086094679,4.887613279629598,412685
-5.164712045263692,0.43528222038832626,5.599994310339073,-5.753957271575928,0.46237721907354035,6.216334655221584,413592
-5.782206055873547,0.4618868827819824,6.244093065356473,-6.215591046662457,0.442212294688267,6.65780329071315,414499
-5.238651660469165,0.4620715838414437,5.700723280060251,-5.308371413070543,0.4266240955454058,5.734995614110896,415406
-5.314084602953186,0.4365034976105443,5.75058809425497,-5.918587237332774,0.4589315262515988,6.377518645430033,416313
-5.803857774429574,0.4577120769904493,6.261569850631428,0.6287335574099447,0.43872255139646277,-0.19001099493651263,417220
-4.7945035048067375,0.4512221242784797,5.245725669566431,-6.015066792479659,0.44464317254260577,6.459709572581064,418127
-6.015814275962383,0.44341631734778625,6.459230576486808,-6.379258919606166,0.4527118986686774,6.831970754977876,419034
-2.9071751166599196,0.4848017760910825,3.3919769169345844,-5.433510396332867,0.4775823576260457,5.911092842574668,419941
-5.361277025090295,0.46784231970302326,5.829119142912977,-5.365714934019916,0.44679658180844467,5.812511747917243,420848
-5.6655796701879195,0.4454942259530906,6.111073856711256,-6.232162559981894,0.4488527078544144,6.6810150146484375,421755
-0.07133781660220852,0.5123730552235932,0.5837108271387472,-2.8107231486160145,0.4246106189964092,3.2353337380738383,422662
-3.086804039291668,0.5252051816097036,3.612009164122526,-3.756915079808868,0.4921437069378068,4.249058478701431,423569
-3.885851227593133,0.5086082197733988,4.394459473127304,-4.392442142013955,0.4837843169153264,4.87622644205009,424476
-4.476665088071056,0.48168441242525045,4.95834948656446,-4.9219096867384104,0.4765262688155723,5.3984358795976215,425383
-0.1535130472404034,0.4945546163876501,0.6480675710995641,-2.160922179179909,1.0340076379016436,3.1949296799381224,426290
-1.3384115335828284,0.6948858537642406,2.033297368420787,-3.1851549296252495,0.5085322793606109,3.693687371448078,427197
-3.3142125306870733,0.5086681219813842,3.822880607192808,-3.9176539024420545,0.46301600785382024,4.380669922955268,428104
-4.022865786704891,0.480796341859256,4.503662050493234,-4.509694487647673,0.46024376523178234,4.969938227560668,429011
-4.5796431864241125,0.46984261110047126,5.049485804884805,-5.0207414078501476,0.46015826368753887,5.480899709515867,429918
-4.93296371352712,0.46993847692420226,5.402902176256611,-5.17809003644285,0.44344630283592024,5.621536389916344,430825
4.946312177930409,0.5397338530720266,-4.40657827714838,0.3598267090531577,0.6322750496653329,0.272448320304398,431732
-0.796337144114611,0.5569122339688167,1.3532493611286336,-1.3593534368329343,0.5358365404922351,1.8951899773251695,432639
-1.4496503177262194,0.547740196051382,1.9973905199549296,-1.8520056863801668,0.5345386108465954,2.3865443204356507,433546
-1.931520039086305,0.5236408702593786,2.455160929586291,-2.3338345679561647,0.4987448211264821,2.8325793173460836,434453
-2.3986574197157213,0.5074051753951538,2.906062600368176,-3.0292481447743103,0.49818251618241843,3.5274306440775374,435360
-3.2413848187721026,0.5252279189087722,3.766612750035531,-2.7072103276716923,0.48268155714051914,3.1898919164606956,436267
-4.412905345546634,0.4937037895900806,4.9066090315678945,-4.0708895615771805,0.48696005238895923,4.557849782758055,437174
-4.641431938852733,0.4762101136599775,5.11764194946962,-5.6441377496297385,0.4481813211356644,6.092319184699945,438081
-5.237295550837406,0.46826207940081643,5.705557624455192,-5.686859848225011,0.4664721657744551,6.153331992900477,438988
-1.4707549579088322,0.519390047845136,1.9901448184626367,-2.066832917981443,0.4939194611743488,2.5607523960349834,439895
-2.67133592507805,0.5406092924477641,3.211945210954189,-3.423244704187444,0.48492736310030504,3.9081721348045146,440802
-3.6225055249812455,0.4769998748089539,4.099505356154605,-4.262199925110403,0.4651303839894523,4.727330233143494,441709
-4.47491435994124,0.4697830711204924,4.9446974673371065,-5.133674997144041,0.4440798337480663,5.577754670539789,442616
-5.25695711880298,0.46437121278790155,5.721328398884329,-5.822333120666774,0.45415827658324115,6.276491148281941,443523
-5.711877349718929,0.45250497447879207,6.1643824719278655,-5.988476449409418,0.441423365500121,6.429899907745091,444430
-0.44695942772525676,0.46661681771409813,0.9135761912891595,5.836662060391586,1.0492821583705665,-4.787379847163647,445337
0.21550980213590074,0.6969617135995279,0.4814519275312518,-1.7286560683123833,0.5744973157359435,2.3031534178067097,446244
-2.261641855145237,0.5636640052416885,2.825305846192214,-2.911504823549659,0.5222468755941475,3.4337516041983545,447151
-3.0567850703835617,0.5177463575655465,3.574531424794728,-3.5333465263906834,0.5037348713495035,4.037081288025442,448058
-3.624118687168109,0.49361629496598586,4.117735016306548,-4.05762489707069,0.477804091124408,4.5354291527672155,448965
-4.132563405420709,0.4828213420434718,4.615384704354317,-4.584396805383463,0.46951886404932075,5.053915513300263,449872
-4.617414191118806,0.48540926715636334,5.102823478252912,-5.0615414307180755,0.46808656338041865,5.529627977219303,450779
-5.014023430686539,0.4835612461085882,5.4975846363139125,-5.372215629678912,0.4755597452146817,5.8477748769574465,451686
-2.40744043211427,0.4901422544771676,2.8975827912117182,-4.434261182768155,0.44700697249015875,4.881268053983165,452593
-4.500300989392837,0.44099524949062224,4.941296313537126,-5.089896843496677,0.44102061955274735,5.530917817512445,453500
-5.1429582756698595,0.46707827411386643,5.610036587110559,-5.608963793357916,0.4800182275012531,6.088982101035329,454407
-5.629641705337407,0.47492261337734504,6.104564309251611,-5.989831194413447,0.46608452248362314,6.455915535445762,455314
-5.963441193169507,0.4780167518666193,6.441457805191932,-6.135966220788196,0.47413050811902613,6.610096754226009,456221
-4.524959232999051,0.4726832846165229,4.997642467671219,-5.523163356612214,0.4575690632372831,5.980732538003837,457128
-5.66625897334981,0.4543737566063659,6.1206327898894015,-5.989620854369307,0.43324308057801914,6.422863648001072,458035
-6.046404814904159,0.46673857364002636,6.513143276563684,-6.3943756998112775,0.474793054361259,6.869168847008089,458942
-5.751064928258793,0.4721779770730217,6.223242973150992,-6.360563531386114,0.4585531960546443,6.819116913111864,459849
-6.08077221668542,0.46919144290810516,6.5499635883571035,6.608357421064799,0.4736894379674861,-6.134668063273472,460756
-2.3775606239512315,0.4969366750748707,2.874497392606052,-4.795462355149531,0.4562918527991371,5.251754423158359,461663
-5.020961961777759,0.4522405293705445,5.473202689611399,-5.638049665805513,0.44995375439129043,6.088003107931762,462570
-5.778308695968746,0.47763737717431853,6.255946065782844,-6.194682910379055,0.4677230784323363,6.66240563856817,463477
-6.190182662194198,0.46943104332836616,6.6596135535865795,-6.564907449536619,0.477959848083226,7.042867474851355,464384
0.9733299291646468,0.5876369429002655,-0.3856932635869843,-1.1763782965398468,0.7217633914103551,1.898141742807574,465291
-2.4199933133025415,0.6126020630244515,3.0325953600293616,-3.498660163541811,0.5273396989940542,4.025999896294247,466198
-3.6317996276910143,0.5309282584647754,4.162727877481244,-4.200540496184763,0.4882168812034404,4.688757432245575,467105
-4.2898108070714205,0.4958608647297078,4.78567173883171,-4.7980365837569785,0.4806083999903856,5.278644865593024,468012
-4.833644048381666,0.47687812571751637,5.310522211951747,-5.344481223452408,0.46464316612851303,5.809124634329197,468919
-5.3457877896192185,0.4789324416609557,5.824720262823978,-5.8037644571962606,0.483800900720917,6.287565585786262,469826
-1.4824825103385446,0.5329872155531239,2.015469623637173,-4.218494757086829,0.5162769461100081,4.734771728515625,470733
-3.689207236322573,0.4868451557979563,4.1760523542679655,-3.6597023558827626,0.44925592219935057,4.108958219004943,471640
-3.869392212591203,0.430702662126232,4.30009492413606,-4.749337149932321,0.45667772377486776,5.2060148526082,472547
-5.015372245288079,0.5024859224422501,5.517858090973742,-5.462581233640687,0.4883082187281246,5.950889857469407,473454
-5.5628422181950645,0.4656531850190252,6.02849541004858,-5.974288252602636,0.47848748316807027,6.452775533220409,474361
-5.886951802452449,0.4756431569075243,6.362594882077656,-6.231676008849018,0.46766352442513526,6.699339402460419,475268
-6.166475291288937,0.4684227083326043,6.634897932328095,-6.528005325688725,0.4932495598244456,7.021254547929342,476175
-5.495718627412369,0.47717890429260185,5.972897463360064,-6.2423787370192265,0.4359188755001642,6.6782973973096995,477082
-6.141913007086404,0.45863563144351577,6.600548690577194,-6.621348976033978,0.46301312573188175,7.0843626039218055,477989
-1.5394801500745225,0.5334847980192241,2.072964871731456,-3.0587771381952065,0.5735332100792269,3.63231051284655,478896
-4.172976965415307,0.494102925949349,4.6670799802130345,-4.776268477988454,0.46141926588210386,5.2376878451457065,479803
-4.963877623241555,0.4737945317959181,5.43767213243108,-5.472942436690879,0.4848206444124205,5.95776319925764,480710
-5.5401444109166995,0.48060883392704096,6.020753273758894,-5.979612848400015,0.466355471484429,6.445968222829093,481617
-5.787181716506773,0.473221878758339,6.260403600522412,-6.25934798316618,0.48858235789611276,6.7479300709952295,482524
-6.195324690102742,0.4851476113089127,6.680472208883166,-5.995546847318126,0.47936596912620344,6.474912660311809,483431
-3.4444399403106285,0.4812125197581972,3.9256523956668943,-5.217339629620577,0.439493483146735,5.656833209822663,484338
-5.476509390224301,0.4651280963565444,5.941637344108001,-5.9463610438118994,0.4892764429075528,6.435637347466122,485245
-5.817881112061893,0.4791201751313635,6.297001099507627,-6.1688143595130045,0.4422010404873738,6.611015184790687,486152
-4.835494040391411,0.47990291357829,5.315396959752731,24.00167639065633,0.622353148671378,-23.37932377367948,487059
-1.9772401160941497,0.664336069941915,2.6415761213712683,-4.364959164003356,0.4858648587117153,4.85082386658255,487966
-4.690732778761589,0.4827412680990772,5.173474026882925,-5.178682639535549,0.469401946110008,5.6480845898653556,488873
-5.320514026524082,0.485894736276309,5.8064087780465625,-5.744865598931777,0.4864445872011438,6.231310278968474,489780
-5.739248111203329,0.4904508022909785,6.229698929791939,-6.085669412022144,0.49222989630910147,6.577899223935288,490687
-5.98073802262446,0.49671037194484385,6.477448317286987,-6.306272038316305,0.4788601166379135,6.785132484098451,491594
-2.0475741213448386,0.5283608568016986,2.575935133499768,-3.5844444890992833,0.5386336335038717,4.123078000229017,492501
-3.920023755701269,0.5266369164581467,4.446660644295723,-4.390915457126313,0.5263427970683681,4.9172583385906385,493408
-4.550685674904988,0.5118347407701654,5.0625203730910195,-5.0320244257429,0.4951413796011326,5.527165303188088,494315
-5.1912158773647255,0.5047647613937563,5.695980606163219,-5.59495471009111,0.502608392090924,6.097562739279418,495222
-5.457388348458489,0.5027648085664626,5.960153131789909,-5.1647111799864645,0.5085447952810642,5.673256325510751,496129
-5.354539210898873,0.48470758366611066,5.839246840303499,-6.112120767610263,0.5484253199754563,6.660546631939643,497036
-1.1450762207216307,0.5498417809096298,1.6949181036228909,19.38164792018654,1.3992437176999792,-17.982404590707965,497943
0.011834211754299445,0.9242870442265319,0.9124528386495605,-3.2033024994672927,0.6485017675214109,3.851804074987901,498850
-3.3953460989871127,0.5972211999693411,3.9925673462721583,-4.081923577637799,0.5173098555708353,4.599233171581167,499757
-4.183209376140624,0.5285783434387341,4.71178773587699,-4.730749518470427,0.49996951618025787,5.230718967133918,500664
-4.741973694524797,0.5146253947517706,5.256599039332212,-5.174894569194422,0.49597605561788105,5.670870485558974,501571
-5.125142236265878,0.5045203289885768,5.62966270825303,-5.5378779521030665,0.499976124383707,6.037854354993432,502478
-5.295835009220548,0.5104371352653125,5.806272113467787,-1.173096517545987,0.5074111550255159,1.6805075586369607,503385
-4.75231586979926,0.5066914132569301,5.259007295147981,-5.320297667410522,0.5021702546988969,5.8224673650961005,504292
-5.472670766983957,0.5016988766889983,5.974369557978957,-5.905166659734945,0.5011356446595319,6.4063023930102325,505199
-5.4107730370240805,0.5191428916325511,5.9299158687234055,-5.964379648191739,0.49598016570099684,6.4603596915185975,506106
-5.876912974470112,0.5090390639636325,6.385951991643769,-6.35802007776446,0.5271375622369546,6.885157762375553,507013
6.034767522570053,0.8452174319190516,-5.189550025460475,2.2881161480878305,0.7845902485130107,-1.503525877420881,507920
0.18607918877060123,0.7063108620859165,0.5202316672694197,-1.3061094009770757,0.6621413695073761,1.9682507810339462,508827
-1.7348178626421136,0.6270432514287408,2.3618610975103578,-2.301039600794294,0.601984614819552,2.9030241839653623,509734
-2.4806427017199297,0.5855247451294349,3.0661674760273825,-2.8984403483635557,0.5638517362881551,3.462292291421806,510641
-3.082060422234919,0.5753861992992666,3.6574465658068,-3.471172016278832,0.5588017100781466,4.029973730576777,511548
-3.620930417501414,0.5650242870671484,4.185954744786911,-3.9482140203492833,0.5707459491966045,4.518959990644877,512455
-4.081179769194245,0.5741308899935182,4.655310802186337,-4.427028736182018,0.545265780086011,4.972294495169041,513362
-4.577266801941355,0.5636504256344157,5.140917167116815,-4.421270961255098,0.5592355728149414,4.980506626905593,514269
-4.775330653921378,0.6284947405839308,5.403825332994892,-5.353494407856359,0.6222200984448458,5.975714354388482,515176
-5.14265845550066,0.5788275509448404,5.72148609266523,-5.88928116317344,0.5973603746532339,6.486641402793142,516083
-5.747974932522338,0.548576722991506,6.29655172228156,-5.945066304333442,0.5419510107124801,6.487017133594614,516990
-6.10794062493523,0.5518433724374991,6.6597839321822025,-6.243638671604933,0.5583134963449123,6.80195239581893,517897
-6.129889476654154,0.5500502686253457,6.679939892483914,-6.626297841029885,0.5479717339034629,7.17426954961456,518804
-4.576413133047119,0.5730285039941689,5.149441608651864,-5.229202291606802,0.5600385750289512,5.789240879295146,519711
-5.763615729133244,0.5359005165730973,6.299516385550536,-6.23660117546014,0.5470045815526912,6.783605727474247,520618
-6.302061632423443,0.5645751716546477,6.86663669472624,-5.754832145387092,0.5617229495428305,6.316555327018805,521525
-5.665916535925313,0.5407731530421886,6.206689609582264,-6.3158275005036755,0.5453878082005323,6.861215507034707,522432
-6.344629577922716,0.5500915978420136,6.894721168930238,-6.370785329194195,0.5436971124294585,6.914482589316579,523339
-0.4025712962187375,0.6512835937928996,1.053855136841897,-3.5199191295995123,0.6206196894687889,4.1405387135733545,524246
-4.022541208067435,0.555293904381261,4.577835074596131,-4.6486440633250545,0.5464515854827071,5.1950957711819,525153
-4.931666862609762,0.5464206819628933,5.478087495679761,-5.453143778100478,0.5472607064036141,6.000404357910156,526060
-5.55488980250164,0.5515856842747597,6.106475464170008,-5.6974163519597685,0.5365480321698484,6.233964498064159,526967
-5.809303445090532,0.5416881430898244,6.350991632867411,-6.262059431160446,0.564822264477215,6.826881881308767,527874
-5.830604434933394,0.5509049931855291,6.381509539047965,-6.3398196211958355,0.544334917996837,6.884154733303374,528781
-6.133989611166183,0.5346922522211548,6.6686818250090445,-6.384065771524885,0.5366689124993519,6.92073477685979,529688
-4.580286464985571,0.5649608335526539,5.145247281714863,-5.422021355249186,0.5651805253155464,5.987201791948976,530595
-5.153839283241853,0.532935975799224,5.686775253783776,-5.683508556501001,0.545934086352323,6.2294427652274615,531502
-5.834544974098921,0.5605048996610967,6.39504980909522,-6.112725338049694,0.5496248059568152,6.6623499372364146,532409
-6.240341643382854,0.5621048949387791,6.802446434752812,-5.427673322964559,0.5940504158492637,6.021723586901099,533316
-0.7975496814689931,0.5969949515152398,1.394544831710193,-4.873839952249442,0.5124972140894527,5.386337145239906,534223
-5.018116072756715,0.5416232196341013,5.559739324197485,-5.539521736381328,0.5570658962283515,6.096587527114733,535130
-5.709590910288044,0.5439252022740071,6.253516183535608,-6.103236945329514,0.5541094805287049,6.657346742343059,536037
-6.044757483943952,0.5447795230735097,6.589536950764346,-6.449358657398055,0.5538372276103602,7.003195568523576,536944
-5.001391356677441,0.5339552149620183,5.535346530632515,-5.560922230239463,0.5417070810773731,6.102629332415826,537851
-5.7018118351533635,0.5305915946077223,6.232403390331331,-6.083275600872208,0.5569915518296503,6.64026675604086,538758
-6.1706940578389196,0.5387548333097582,6.7094489605450445,-6.6837736273233865,0.5618083751307125,7.245581837881983,539665
-5.377853627504561,0.5484018814734614,5.926255532110145,-4.2579663074122065,0.5396906422302786,4.797656641597241,540572
-5.430539630608101,0.5179503045507934,5.948490020852893,-5.999533733435436,0.5718835813809285,6.571417411871716,541479
-6.266223501607102,0.5452145825673096,6.811438033704326,-5.866397034805433,0.549188993673409,6.415585948302683,542386
1.8119689458786061,0.6044383979553425,-1.2075307019621693,0.975059020176398,1.827870174846818,0.8528111888244089,543293
1.0331894026570179,0.8941750189960989,-0.13901441494185712,-2.3132873488738475,0.6573314919935919,2.97061866152603,544200
-2.818085756953785,0.6262337754027715,3.4443195010756185,-3.6040075479355536,0.5438188704769168,4.147826473269842,545107
-3.8483534802938375,0.5676001981968654,4.4159536939997395,-4.311379487535595,0.562287161835527,4.873667084010301,546014
-4.523651978935401,0.562375792594834,5.086027837246492,-4.894541647581928,0.5782773262631576,5.472819100439021,546921
-4.932853152496944,0.5629201545210631,5.4957733154296875,-5.152055719257456,0.5573211602405109,5.709377052509679,547828
-5.085495204883479,0.5629505979712506,5.648445781299797,-5.447154711833043,0.5576561193550582,6.004810974661228,548735
-5.08898569704285,0.5505584219456244,5.639544136863297,-5.1525111957988905,0.5482897294306122,5.700800937888896,549642
-4.976871387961156,0.5536202106875385,5.530491611266215,-5.666097729606966,0.5713632381067867,6.237461056329508,550549
-5.6971484434512645,0.5501740033991939,6.247322494691893,-5.7323658360844165,0.5561808273855564,6.288546536876037,551456
-4.016807610039674,0.5557742965260835,4.572581829020574,-4.4865883008568685,0.5260882757406319,5.0126766778726495,552363
-4.6390756298977855,0.561250085210327,5.200325714582382,-5.2169426099389,0.6212681036079879,5.838210654469718,553270
-5.492065847117162,0.5684650824903259,6.060530972717353,-5.997007222302192,0.5287526814283523,6.525759806675193,554177
-6.028512452639713,0.5329999723928635,6.561512350904639,-6.141981918199927,0.5287453305404798,6.6707273500155555,555084
-3.953194028881708,0.5403984310608583,4.493592480446038,-4.763224854933477,0.5767592371037576,5.339984252389553,555991
-4.5994745972663855,0.5368044999363404,5.13627923546973,-5.056837229602105,0.5492050879824478,5.606042237408393,556898
-5.301904622091611,0.5506138685914095,5.8525184833227994,-5.480655062515123,0.5524379426399163,6.033092802604743,557805
-5.530583119313535,0.5246069307758369,6.0551900180198395,-6.140203969668498,0.5479672524781354,6.68817138671875,558712
-6.35740703942363,0.5612795713060877,6.918686594432087,-6.667519109439006,0.5918179486705138,7.259336893537403,559619
-6.281940243078566,0.6041013145657069,6.886041517163059,-6.513806511870528,0.5422676643439098,7.056074294368778,560526
-5.10248179051947,0.5224307074962141,5.624912484872433,-6.228006257420093,0.5470938977942003,6.775100032840155,561433
-6.355043823427245,0.547346998864524,6.902390880647804,-6.784678079385673,0.5448018639488558,7.329479521354743,562340
4.285676652304787,0.7207206570458123,-3.564956008927956,7.551884406435806,1.1515574328667295,-6.400327226756948,563247
6.068569919371684,1.8590171502732653,-4.209552750172136,2.831077617881572,1.77971029703596,-1.0513671267349107,564154
0.45363424907314215,1.1421234326430956,0.688489215245189,-1.0448057292836956,0.8490038255674649,1.8938094282572249,565061
-1.4644903321776133,0.7725282235865819,2.2370185683817163,-2.0521451983831627,0.6737472061562327,2.725892463616565,565968
-2.2244729062556696,0.6555912129277037,2.8800640926340053,-2.7608436989573253,0.6388616983869434,3.399705194793971,566875
-2.933710734137101,0.6203968853514145,3.5541076281630612,-3.3922093990629754,0.6189992448924917,4.0112085933178925,567782
-3.5197578680423285,0.5817728936343629,4.10153084263912,-3.9163964195589047,0.5780618127468413,4.494458021315853,568689
-3.949960943093768,0.5673810455212914,4.517342080617818,-4.31126105468885,0.5852059052053806,4.896466888157668,569596
-4.50025630128686,0.5664557474845037,5.066711947305463,-5.054986721646469,0.5774224796126374,5.632409424908393,570503
-5.073704797351505,0.5514490181187942,5.62515373187922,-5.417320842236544,0.5408813088341097,5.958202328302164,571410
-5.063182929647797,0.5340946790533265,5.597277463599629,-5.4252818369232445,0.5826886101106626,6.007970556748652,572317
-5.915663908440065,0.5599504305745958,6.4756143353345506,-6.330446129351591,0.5629815295734236,6.893427755980365,573224
-6.385451043453869,0.5415283584805018,6.92697929205679,-6.676793313659398,0.5423536722638965,7.219146998582688,574131
-6.633439294821372,0.5288081826290985,7.16224757050469,-6.819336848976338,0.5303167030874607,7.349653801031872,575038
-6.374059700781876,0.5280597349248884,6.902119435706764,-1.1428650839138874,0.5018516177624728,1.6447167185555518,575945
-0.8069636924264186,0.6353422904093446,1.4423059129136662,-5.002993613217784,0.5510479243455735,5.554041229518114,576852
-5.262460729647366,0.49299074612483956,5.75545151783061,-5.771891695208254,0.4964344311604458,6.268326413314955,577759
-5.856276969005412,0.505500444898006,6.361777317169088,-6.253816351426386,0.5109040505063217,6.764720275338772,578666
-6.182599853654418,0.505193468491324,6.687793365781336,-6.476868574598194,0.47995952589321983,6.956827889501521,579573
-6.200927467829863,0.5045783506601622,6.7055057580310695,-6.202955693270253,0.49919572340703644,6.7021517458215225,580480
-3.8593891232121478,0.5265031086964802,4.385892128865537,-5.3943384052377885,0.5241638453660813,5.918502334999827,581387
-5.451468385172784,0.5259438912161393,5.977412306881266,-5.860649952846291,0.5104654362771364,6.371115490398576,582294
-6.010561128172617,0.5260689786934143,6.5366302204237225,-6.118787676887175,0.5134372795577598,6.632225171654626,583201
-6.412660828498916,0.5174828947839032,6.93014383368613,-6.735149986976016,0.5223429477320308,7.257493010664408,584108
-4.734895619957029,0.5198108800322376,5.254706512081058,38.52462127145413,0.6330723720314229,-37.89155078989214,585015
0.30640825284223966,0.7163327163477585,0.4099243899033114,-3.5973443858391416,0.49822707724782217,4.095571399789996,585922
-4.228834116997766,0.5197609987647951,4.748595081064377,-4.913351396543789,0.552630989952425,5.465982082670769,586829
-5.149658407633991,0.5478047762053804,5.6974632237948555,-5.438123230385569,0.539564124250834,5.977687396834382,587736
-5.632741090612611,0.5288725640571367,6.1616137082942135,-3.2342836519258213,0.5491949013904133,3.7834787959546112,588643
-5.264949396926224,0.5173909551122091,5.782340237955012,-5.8999232486286,0.5179389092774518,6.417862478610688,589550
-4.61932101638735,0.5516429715014608,5.170964011809529,-5.460283203462584,0.5827070421877161,6.042990220331513,590457
-5.338762748070562,0.5323145455273142,5.871077254693852,-5.733051802204773,0.5225012914269371,6.2555525788163715,591364
-5.8013567793067,0.527085384696952,6.328442179249824,-6.161888810385645,0.5257103253254848,6.687598844545078,592271
-6.306458654056705,0.5302366243044886,6.836695266269402,-6.685313216352885,0.5310415419857059,7.2163543701171875,593178
-5.872864625419776,0.5299056898535547,6.402770382041048,-6.479578043507264,0.5202550719269609,6.999833233588565,594085
-6.320914988218095,0.5130984701684449,6.834013428945657,-6.526719232576084,0.5312159462312681,7.057935191466745,594992
-6.57077031414196,0.5358557275269497,7.106625936522899,-6.903466131834858,0.5201397195326544,7.42360518463945,595899
-6.155315352379947,0.522631697775642,6.677947165290471,-6.860071642208943,0.5453290432955311,7.405400233986104,596806
-6.658220591855286,0.5350992256383255,7.19331980645328,-6.045116188251867,0.5388108396952132,6.58392685071557,597713
-5.99237357742074,0.501708351396016,6.49408206287792,-6.989502868821136,0.5166085547050544,7.50611148260336,598620
-5.990367394692317,0.5245785560734085,6.5149458156531015,-5.191202513939511,0.545318333448562,5.73652095288302,599527
-5.953943399767891,0.5153837219751394,6.469327234774992,-6.731458398093165,0.5637945749063408,7.295253112252834,600434
-5.560933569957561,0.5839757556557786,6.14490933823086,-6.637520157130418,0.5401429876817011,7.177663077295354,601341
-6.762976294709934,0.5318107794243288,7.294787086226054,-6.76479344241387,0.5492679376517777,7.31406125769151,602248
-3.9664919536720955,0.5561141820569022,4.522606118905636,-6.104342473291718,0.5499049245783713,6.65424731769393,603155
-5.999834379787088,0.5016340757283776,6.501468435537723,-6.604082238357679,0.5237262101299995,7.127808427388689,604062
-5.4289346819018585,0.5690840817864701,5.998018796809322,-0.846520459757442,0.5608465650440317,1.4073669973727876,604969
-5.057295248290275,0.5650786838300172,5.622373948943655,-5.756393698464453,0.6211430372390072,6.377536672406492,605876
-5.953699503870231,0.5744850469923598,6.528184564794437,-6.145893164440594,0.6044160539070061,6.750309024236898,606783
-3.8903204164536547,0.5161260354610893,4.406446404336174,-4.364166377919965,0.4326900760684393,4.796856770473244,607690
-4.6450509735872885,0.48722627013100284,5.132277277365015,-1.295578112644432,0.5178619359446838,1.8134400021713393,608597
-2.7806551259302648,0.5681151192401184,3.348770177351206,-5.0856883884531205,0.5137519245654081,5.59944044805206,609504
-5.526848493889385,0.55557592333086,6.082424403551264,-5.925423318305902,0.5924710721041249,6.517894508564367,610411
-5.41768553291161,0.5965870580704762,6.014272605702527,-6.356819524174243,0.6003887547855884,6.957208413993363,611318
-6.125928111218302,0.5824072363621082,6.708335396999035,-6.376566388965708,0.5878840674341252,6.964450262289132,612225
-6.515331531701303,0.6064911277712114,7.1218226221456815,-6.970135169746602,0.5400837754781267,7.510219202632397,613132
-0.299803529842423,0.6121152538186003,0.9119187968042746,-2.7795443745840966,0.6008534895635285,3.380397897906008,614039
-3.133295084439144,0.5663571778311093,3.6996523637361536,-3.653068968680053,0.6400195518426136,4.293088524742464,614946
-3.9586872428885633,0.6213370862580186,4.580024265007515,-4.416961543327939,0.5875104887295614,5.004471905463565,615853
-4.675166922341108,0.5733445203291148,5.248511494191768,-5.097929051492066,0.5504097896339619,5.648338722971689,616760
-5.265808055524395,0.543856499870662,5.809664556972247,-5.582835184789337,0.5184097290039062,6.10124490113385,617667
-5.892267573628956,0.575620520338334,6.46788798776982,-6.276979923248291,0.5532646685574962,6.830244486310841,618574
-1.3778012516480165,0.5932688855020845,1.9710699562989626,-4.487816084802678,0.5819487276330458,5.069765006546426,619481
-4.182357655601964,0.5850720342491007,4.767429751361481,-4.937446843206355,0.5462244590826794,5.4836713402672155,620388
-5.199329716893778,0.5363722583556254,5.735701791243884,-5.6469142880059975,0.5266331697987244,6.173547457804722,621295
-5.730350788793595,0.5569446778218565,6.2872954666154515,-6.016698276047158,0.5184552690624136,6.535153819396433,622202
-6.267281958654671,0.5351194005291149,6.80240139861354,-6.539262969936945,0.5380576986127195,7.077321010353291,623109
-6.481105665650626,0.537943637095055,7.0190491261003825,-6.658716788334129,0.5308073600836559,7.189524557738178,624016
-5.3677732058633385,0.5290634387646121,5.896836673017374,-5.091056574762395,0.5181512663849687,5.609207963521501,624923
-5.665418689016996,0.4938071864968229,6.1592259769797195,-5.845188790718011,0.5460385347889588,6.3912271145170765,625830
-6.15798204026648,0.5326196540151173,6.690601538139772,-6.735220250830186,0.5573179194357543,7.292538263101493,626737
-6.795311320577198,0.5510187764152014,7.346330022338733,-7.219640073523057,0.5458881918307954,7.7655284510249585,627644
-5.4504301969902516,0.5822951097078334,6.032725331933127,-4.416163225089554,0.663083219950178,5.079246588512859,628551
-6.081660067759118,0.5767832980003483,6.658443387840128,-6.821766119087692,0.5343602104524595,7.35612595819794,629458
-6.865109217074898,0.5498139082794021,7.41492312430284,-7.134001934422856,0.5453986783998203,7.679400418711975,630365
0.8123438802548779,0.5572522372631674,-0.25509119086386484,3.2492233736325153,0.8655751405564029,-2.383648155009852,631272
1.2928052424497352,0.6278752113518931,-0.6649299771940826,-0.9899169639148543,0.6267380672218525,1.6166551303019565,632179
-1.6243537529037964,0.7215329678082282,2.34588672675792,-2.2202058956686375,0.7440080558304238,2.9642139536089602,633086
-2.555653893303582,0.688393813641095,3.2440476338681994,-2.8658236697711774,0.6475605669274794,3.513384118544317,633993
-3.14047196629029,0.6516462534238906,3.7921182365375423,-3.412212485760714,0.6586072297222847,4.0708196859444135,634900
-3.673961136806366,0.6630631902120605,4.337024331224267,-3.9322336669516775,0.6481726148487192,4.580406188964844,635807
-4.189284090696122,0.6436222049078053,4.832906342393902,-4.4912570641104095,0.6549572818047178,5.146214442970479,636714
-4.656542831113872,0.6713096109745652,5.327852558274779,-4.8693964080472965,0.6630714973517223,5.532468205004667,637621
-4.264079052926161,0.6470674490586925,4.911146510922265,-4.978734501695211,0.5973354103290929,5.5760699922004635,638528
-5.272276015371052,0.6082066716800846,5.880482805077532,-5.4103949935035365,0.6145942316646069,6.0249889002437085,639435
-0.26091685999583253,0.6507581471082525,0.9116751619315857,-2.9828718932329026,0.5238784435576043,3.5067504612745437,640342
-3.9513184924372764,0.5968898270595429,4.548208407030873,-4.2096999050241655,0.54937943315084,4.75907924955925,641249
-4.584130452249647,0.5719998721382452,5.156130284958138,-4.910125534091375,0.5754816004660277,5.485607045941649,642156
-5.106796154770857,0.5944287590312852,5.701224868589357,-5.414205935149067,0.6544847741591192,6.068690882319897,643063
-5.652232439804497,0.603808276839924,6.256040730839133,-5.868253555973019,0.5905360584765409,6.458789724164305,643970
-6.004826083598616,0.5912024525323802,6.596028547697057,-5.9622546212863075,0.5736572805759126,6.535911627575359,644877
-6.297235635570287,0.5782250033192493,6.875460732995215,-6.714599449022681,0.5720832200176948,7.286682398973313,645784
-6.271142851820065,0.6676659505185902,6.938808832305269,-5.5751334333841776,0.5956943140620679,6.170827409862417,646691
-4.720580278184212,0.5635525788598444,5.2841327334974935,-5.285695278539067,0.6034079441982033,5.889103239616461,647598
-5.464849320635643,0.5574347215818597,6.022284081910122,-6.145011893415873,0.5375790216226494,6.682591193545181,648505
-5.848752324084331,0.5324493201065484,6.38120154535363,-6.343296418147805,0.5567699449252238,6.900066409490805,649412
-6.479568514566306,0.5582710889629124,7.037839643484702,-6.829680451249654,0.586581204844787,7.4162613860273785,650319
-6.2543220730311555,0.5653937012778621,6.819715733302074,-6.900812638544403,0.559437768649211,7.460250314358062,651226
-6.502265343986772,0.5658976250998635,7.068163122074081,-6.847625348420269,0.5678238066951785,7.415448889268183,652133
-6.340836567021783,0.563107660876088,6.90394422369203,-6.8648376338249815,0.5721433943351814,7.436981336205407,653040
-2.7555540633175313,0.5711810433746304,3.326735169516903,-4.8762210111702435,0.5788633802295786,5.45508433654245,653947
-4.877600606773234,0.8732357514075434,5.750836558483927,-5.686875828599508,0.6586164626400027,6.345492202623755,654854
-5.9841283994840815,0.6036437832665155,6.587772121240181,-6.464118075581778,0.5678974843658178,7.032015099989629,655761
-6.535111401546357,0.554436069076353,7.089547541070536,-6.79718532393464,0.5653427174661012,7.362528032961145,656668
-6.676199922488044,0.5409397258779575,7.217139575289523,-6.364546387596468,0.5410213386063027,6.905567945632259,657575
-6.517647808415624,0.5512332905745164,7.06888109268138,-6.9043462972725385,0.593551407873103,7.4978973928806,658482
-6.07932047491694,0.55622762356204,6.635548096376059,-6.581109114452801,0.5063239874038021,7.087432726294593,659389
-6.665677297733059,0.5217196954518983,7.187396982144626,-6.834131131129983,0.5136225877609928,7.34775360917623,660296
-4.076317954352567,0.5546535020889232,4.630971431206448,-5.594606758218951,0.5003536317200787,6.094960575610136,661203
-5.513159223533386,0.5346059993714456,6.047765140890943,-6.208528522896556,0.5936893193067703,6.8022176016748475,662110
-6.389643047189765,0.5628410742064689,6.952484097212651,-6.756383419036865,0.5688697004740217,7.325253241885025,663017
-6.757492743621456,0.522503256666358,7.279995868855301,-6.997846481019416,0.5379213822626434,7.535767816864284,663924
-6.15337372825059,0.5214431893076366,6.674817077905892,-6.631197469424357,0.5230846995800997,7.154282426412126,664831
-6.6117217233188885,0.5048573976577708,7.116579335474521,-7.08560274343575,0.53499083392388,7.6205934507656945,665738
-6.264776898061296,0.5134541060459259,6.778230988861051,-6.801801538045427,0.5674335682286625,7.369235553572663,666645
-0.06116230248616312,0.6986648155809632,0.7598270428877287,-4.20955112339121,0.6536213106813684,4.863172277940058,667552
-4.6749139510284055,0.6343487615490696,5.309262827712357,-4.914752268158229,0.564156945827788,5.478908977677337,668459
-5.359145266481376,0.5455483391371688,5.904693717073316,-6.020796362277681,0.5436058466413379,6.564402217358614,669366
-6.18821857519686,0.5685741741050039,6.756792575285217,-6.491272723780269,0.5389279053274509,7.0302003843594445,670273
-6.280298105805554,0.5457553253678529,6.8260533081525745,-5.843777749390728,0.5586255503966745,6.402403097237106,671180
-5.825571590642288,0.5161242527104791,6.341695758184498,-6.4302644814010215,0.5330866248206755,6.963350819275442,672087
-6.569788438088313,0.5485513906888951,7.118339723631197,-6.776294505701656,0.5476794707036652,7.323974474341468,672994
-4.384428180433818,0.5574734460689793,4.941901668561202,-5.743481315342726,0.505690397414486,6.249171096666724,673901
-5.789266912256344,0.5241520722882356,6.313419060249707,-6.164346893276789,0.5580095780634247,6.722356745627074,674808
-6.270534589508797,0.5676773196412815,6.838211900738398,-6.705683353727898,0.5272830524275788,7.232966330199115,675715
-6.790591484919404,0.5420412412683389,7.33263279453265,-6.517878190606042,0.5516389829922567,7.069517152499309,676622
-3.065458904027676,0.6465550068326401,3.7120139470042575,5.275974387616182,1.0168334741508012,-4.259140757332861,677529
-2.5155344330094747,0.6241765311429361,3.1397110193540665,-4.7257743345952665,0.5191157011859184,5.244889926066441,678436
-5.097460896072472,0.5715893947302704,5.669050298688693,-5.667747430041828,0.5977378946489993,6.265485105261338,679343
-5.682726617684832,0.5627790175567257,6.245505516952296,-5.485052568722615,0.5135351535493293,5.9985878193272955,680250
-5.574795117320405,0.5371141665037044,6.111909363735077,-6.386173049960516,0.6753762422409733,7.061549228904521,681157
-2.407180574000736,0.7588310204898115,3.1660115726727502,-3.2131981069007804,0.4414019880041612,3.654599957761511,682064
-4.30026140917491,0.5864182738248411,4.8866796146548435,-5.048217216424183,0.629887099814626,5.678104501909914,682971
-5.347508638670058,0.6009687015739533,5.948477344449852,-5.736199227054562,0.5763600357865866,6.312559684820934,683878
-5.98427824832113,0.5883867648628344,6.572664944313327,-6.326651155421164,0.5767245756841339,6.903375676247926,684785
-6.360227330911251,0.5545669196064706,6.914794164823723,-6.590544839875888,0.5209556174489249,7.111500427786228,685692
-6.689381037946573,0.5400243304924508,7.229405370541944,-6.9449547961749865,0.5429025920091477,7.487857379744538,686599
-4.780673288852141,0.5732013240801591,5.353874553524804,-0.8355361729596569,0.6909138164689056,1.5264499630548258,687506
-4.173460611303429,0.5237824225504579,4.697243153194608,-5.435889497267461,0.4682611617366825,5.904150701202123,688413
-5.819171421320199,0.5405244227938247,6.359695863566036,-6.313495070533415,0.5573179616337329,6.870812610187362,689320
-6.4718492480596606,0.5491637736723205,7.02101320310885,-6.636509291893613,0.6126471156567599,7.249156445528554,690227
-6.019772959649234,0.5710260823385456,6.5907990498737306,10.292167663574219,0.5569699042666275,-9.73519762427406,691134
-3.814432718787987,0.5665340880969131,4.3809669057221505,-4.940058383266483,0.5974400444368345,5.537498541637859,692041
-5.426917761662829,0.5305781716680054,5.957495877603449,-6.116791290519512,0.5178571717928996,6.634648280861104,692948
-6.386261063610442,0.542319452355163,6.928580548035139,-6.593338839775693,0.5666847566587735,7.160023512038509,693855
-5.253209331201219,0.5101828590906179,5.763392253905173,-5.86271737951093,0.5439935785479251,6.406711004476632,694762
-5.161001602896256,0.619610674457487,5.780612238975449,-5.65014455170758,0.600098652122295,6.250243127873514,695669
-6.506274086112093,0.5975117415288318,7.103785799777231,-6.894615928683661,0.6186287888383444,7.513245034006845,696576
-6.930428079102505,0.5791067220147416,7.509534808477467,-7.0792861027000225,0.573118851248142,7.652405055223313,697483
-2.7979548794957743,0.5711386153821514,3.369093411286847,6.360334379483113,0.7912048069776687,-5.569129471230296,698390
-1.320187391493523,0.6528323230301795,1.9730197519819686,-3.773883368061707,0.6016590489750415,4.375542429696142,699297
-4.2006309818406615,0.6025138001194863,4.803144873437177,-4.649355314474191,0.5683900613700394,5.217745688109272,700204
-4.973416188585982,0.5547957183770598,5.52821179340535,-5.34444897575716,0.5654097869332912,5.909858636096516,701111
-5.402520039904341,0.5930314700159243,5.995551575110792,-5.621274711811437,0.6109751473485896,6.232249977314367,702018
-5.828643817228677,0.5523387999361116,6.380982656594543,-6.240832590423854,0.5444386490678366,6.785270960985032,702925
-6.196658713289238,0.5183993368979457,6.7150579113944495,-6.481341859935659,0.5128503563129796,6.994192477876106,703832
-6.862765330069646,0.5896527117904781,7.452418166458147,-7.160190843902858,0.600208316229086,7.760399202329922,704739
-3.4931178572685218,0.5921451753660494,4.085263097299368,9.268307204795095,1.0119379516196463,-8.256369396648576,705646
-1.914140034668238,0.691245541157244,2.6053856310271377,-4.9895165705047875,0.6167255502886477,5.606242087035053,706553
-5.278534535404866,0.5939456851374617,5.872480238942879,-5.758973379050736,0.6013260225279141,6.36029977714066,707460
-5.95061583135199,0.5664386780811381,6.517054523102109,-6.274736222967637,0.5458871200021389,6.8206238873237,708367
-5.858429154329815,0.6021441750910211,6.460573400394393,-5.999693271333137,0.5497842130407823,6.5494775012531115,709274
-2.3717004784609808,0.556816678325817,2.9285171749573427,0.023934741463281412,0.47901967985440147,0.45508496951212923,710181
-2.200588174008219,0.5411437348993505,2.7417319401885076,-3.483670466769058,0.5823991319774526,4.066069408855607,711088
-4.108464380872026,0.6350293837676632,4.743493691037482,-4.711478878966475,0.6248362971618112,5.336315053754149,711995
-5.091243733381884,0.6444158070405499,5.735659556194335,-5.488818244596498,0.6636145262591606,6.152432737097276,712902
-5.758505190877694,0.6791165445447626,6.437621733845266,-6.021899299283998,0.6558609093185019,6.677760166404521,713809
-6.147497990954146,0.6487217916806188,6.796219814178568,-6.354172179129272,0.6432099468940127,6.997382104924295,714716
-3.879377920283241,0.6536224195949298,4.533000314117398,-5.356177604303951,0.5525146923233978,5.908692081417658,715623
-5.174485676606672,0.5855152651651165,5.760000929154267,-5.565490262698283,0.6492002200236363,6.214690554458483,716530
-5.825627578790027,0.6065007097271601,6.432128309020659,-6.186340475504378,0.6018606202792277,6.788200851035329,717437
-6.040182911705681,0.6239175565187566,6.664100276858699,-6.476339167198248,0.6645744374368043,7.140913701690404,718344
-6.348895683309603,0.611415493974612,6.960311082127076,-6.749967600392029,0.6099236412385923,7.359891368224558,719251
-4.0610589363346286,0.6614469740593184,4.722505969012849,-4.6794338901486014,0.7166664832461197,5.396100069569275,720158
-5.554668950666535,0.6571152275951853,6.211784127265905,-6.128363900480017,0.6581984916619495,6.7865618140296595,721065
-6.358079290968318,0.6299357303842295,6.988014995066044,-6.589887905964809,0.6172241447246181,7.207112135085384,721972
-2.7375060176639074,0.6332509788420655,3.370756672919125,17.790379667704084,1.131877443431753,-16.658502359305864,722879
-0.7024113461621673,0.8202010594234446,1.5226124108429124,-3.3401342999618664,0.6557570263347795,3.995891537286539,723786
-3.8953740743975653,0.679522635786904,4.574896773534941,-4.427697650099223,0.6223686184503335,5.050066112417035,724693
-4.58582077425922,0.6432445898339925,5.229065454518782,-4.3582097197000955,0.7608677180467454,5.119077294273714,725600
-4.925419540363215,0.6772065783020154,5.60262601404495,-5.547917184576524,0.5998240192379571,6.147741267111449,726507
